{"noiseKey":{"private":{"type":"Buffer","data":"gEQYGmSk/f4T0/VkMugL/lg0KE1ir4BtvqoI3rssq2g="},"public":{"type":"Buffer","data":"DlNc5oTGP0xi2Cm0MjRLNXjTBWuSQXUj+pSm241Mjzg="}},"pairingEphemeralKeyPair":{"private":{"type":"Buffer","data":"0F4vHvGKeOl2NiAEIL4qR2/R5tXmYUQsWbC40K4VpXM="},"public":{"type":"Buffer","data":"wZMx5hYMy7pm178sci5iCJOQsRy8st4yi6Un+Xdx3G4="}},"signedIdentityKey":{"private":{"type":"Buffer","data":"2E5hSTPmA6+TuAfTKPCDNn7IRIK6xNki7mmW4D8p70M="},"public":{"type":"Buffer","data":"JgJjg7L3hKVsybyimYo8UIRCDf116hIHAxnKWMnQtHI="}},"signedPreKey":{"keyPair":{"private":{"type":"Buffer","data":"qIjtLfIe7yWutrbCb9a1dUrN7phDOEPi0xrFHlvSRUo="},"public":{"type":"Buffer","data":"9zAtlPNgakiz69PyaXCG45mDSjNXagfCCSmOskVUrnw="}},"signature":{"type":"Buffer","data":"5wL3QL2Jx+6/kn96MbL6lDxVPyxz0ErAc6rhFGEU2Kqf6U5SI+63iqPHUTG76hz96BLZNiMHcqnFzjoJfnikgw=="},"keyId":1},"registrationId":212,"advSecretKey":"+bGFjUCI5I4b3TVgpshXox/YG79j7INiFqW5+lJnlk8=","processedHistoryMessages":[],"nextPreKeyId":31,"firstUnuploadedPreKeyId":31,"accountSyncCounter":0,"accountSettings":{"unarchiveChats":false},"deviceId":"rdZ5ssJ1TfKakXcqviYsBA","phoneId":"ff28257b-c4e4-4e45-8df8-ec112fe35d19","identityId":{"type":"Buffer","data":"sHlFTy1PtLfc7flgJimGmMi/yb4="},"registered":true,"backupToken":{"type":"Buffer","data":"Vp1tBZjMtv8yeJGlTeUCkUEKUso="},"registration":{},"pairingCode":"KMTEV727","me":{"id":"2347046768174:25@s.whatsapp.net","name":"𝗥𝗘𝗗 𝗟𝗜𝗢𝗡 【𓃬】","lid":"242979688169518:25@lid"},"account":{"details":"CKLF4nQQ3Z67ugYYCCAAKAA=","accountSignatureKey":"uOvvmyFT1mmr/aljfXEBs8o80bAzahKjwYxdQpsAFyQ=","accountSignature":"YhcdxXMoMx7bBRH2B+Gb8mvrbe4kILUcb42EuFLVvHynhZH8kFRyXFJqGKjabdWKjjkkHJDtxrMguEIzAdevCw==","deviceSignature":"2TWhY9DJGf3iY+lA5VK2NyZa8fJkBsgrSAx57ItCU6GeWIxtOTYItUL02yuksUbGJ/CnKhuknuSqP3tgkWj7hA=="},"signalIdentities":[{"identifier":{"name":"2347046768174:25@s.whatsapp.net","deviceId":0},"identifierKey":{"type":"Buffer","data":"Bbjr75shU9Zpq/2pY31xAbPKPNGwM2oSo8GMXUKbABck"}}],"platform":"smba","lastAccountSyncTimestamp":1733218155,"myAppStateKeyId":"AAAAAK8m"}