{"noiseKey":{"private":{"type":"Buffer","data":"OFOAQawbay6DPG+PXQbxO88g/L0fRc7+tp3icbzzZXY="},"public":{"type":"Buffer","data":"F9nhgQfB15/F8GkhjZxIumTQLeYNBiVkLA5HF6hSTmI="}},"pairingEphemeralKeyPair":{"private":{"type":"Buffer","data":"2FLG7Wl6RexJsTga+X/DIQfNrQXEhdNZ0i/if7m22mo="},"public":{"type":"Buffer","data":"vgGANMHMurqPwQmsewHyRlJTVM8az3oB+Ftnzio+5w4="}},"signedIdentityKey":{"private":{"type":"Buffer","data":"GCDdigbpmQj8ciebR82FjHsJb9jhB+3W9fMz/HqVO3s="},"public":{"type":"Buffer","data":"N3lZkVyf2ApSOUGjIa7tTd7vfOMSw+Aso+mirWcTyUQ="}},"signedPreKey":{"keyPair":{"private":{"type":"Buffer","data":"oMBLZBDsixAdfDLmNvzy7VDVfnF19VGLCkEu2HEkPnU="},"public":{"type":"Buffer","data":"W6NGiYLSNP1T+r0FdS65x9BMcZO1au/UQHop/LliXR0="}},"signature":{"type":"Buffer","data":"iGdBT8ylOYTguzONGuTAbf411Dt0LBtZoZET0lQcLNVd2vFpGbyDFhHdD9KlzkAjbHmmmQJFDH6MEsDLArJegw=="},"keyId":1},"registrationId":192,"advSecretKey":"m85cn1lL94krR86JDa8oIrgONoEkkvnvOawG2K0kJ/o=","processedHistoryMessages":[],"nextPreKeyId":31,"firstUnuploadedPreKeyId":31,"accountSyncCounter":0,"accountSettings":{"unarchiveChats":false},"deviceId":"lXu6mM2ORfOGy0ejqa6V9w","phoneId":"a3a3fa56-a91b-4eec-9bbf-0a5a75948c22","identityId":{"type":"Buffer","data":"7TokYvs8LTcAAwX4TUoImzevG9k="},"registered":true,"backupToken":{"type":"Buffer","data":"1cSl3TM6lMuxwZ32EqVmxyyxXjE="},"registration":{},"pairingCode":"AWXQLGYK","me":{"id":"2347046768174:24@s.whatsapp.net","name":"𝗥𝗘𝗗 𝗟𝗜𝗢𝗡 【𓃬】","lid":"242979688169518:24@lid"},"account":{"details":"CKLF4nQQ+ceuugYYByAAKAA=","accountSignatureKey":"uOvvmyFT1mmr/aljfXEBs8o80bAzahKjwYxdQpsAFyQ=","accountSignature":"ZfJ25hSVDS93ntLxUNC0pfKQxrGgeGEKpVAYWPAJUpC1rUybmVnwqu5ViwTIoyzJyRzpFfrOjWFVmhJ0nl16Cw==","deviceSignature":"g4MaY7CIwBWjHjcIqpJr7cVjfAmYE0YdxM4FDlEtYLbFtgyV+yneK5qyXvGXvBgM7Fzr1goe+pgwP2yf9v+5iQ=="},"signalIdentities":[{"identifier":{"name":"2347046768174:24@s.whatsapp.net","deviceId":0},"identifierKey":{"type":"Buffer","data":"Bbjr75shU9Zpq/2pY31xAbPKPNGwM2oSo8GMXUKbABck"}}],"platform":"smba","lastAccountSyncTimestamp":1733010438,"myAppStateKeyId":"AAAAAK8h"}