{"noiseKey":{"private":{"type":"Buffer","data":"UPhsy8do0DugmcdvPUSz8joidNwnjLbdg8/nnqCTMF0="},"public":{"type":"Buffer","data":"X7h1aya/moVSnHwvDQJ19lAvbJgBQIqXrgAyKI1VBSw="}},"pairingEphemeralKeyPair":{"private":{"type":"Buffer","data":"cJqi5hU6eoTHjCnndCv4W4hsnlJUce92A0cB3zFABW8="},"public":{"type":"Buffer","data":"KLrkr3tglrfNRq7vjoNGU1TvnozJliBhQ3k3NN9OmU4="}},"signedIdentityKey":{"private":{"type":"Buffer","data":"cCUtVU4aBr6j2m11TWT4ZRyk0na50SoxvbMpa1/ckU0="},"public":{"type":"Buffer","data":"Cttfp6mGz9C3YCcHWsOykvrtF21wq6tJq+d3xDHoglA="}},"signedPreKey":{"keyPair":{"private":{"type":"Buffer","data":"iKFYXaP3IWjM+gZIIWStwMbQkJbazGgi/+TAIdJkTXI="},"public":{"type":"Buffer","data":"0MCZTq3OLxjkQ9R8FNna7xz2IjC0i4+iP6q6Yqs0Ziw="}},"signature":{"type":"Buffer","data":"ALVRB7mQsyUuhYDx1DZQmDXBJQXxpSQ+ZJwdSdiGZoFc6Y2r/zQ1qis+tPTyey0n/OXiSkQAg10DNjHhJNTbAg=="},"keyId":1},"registrationId":38,"advSecretKey":"BvXSOnp9iE2zSvjKHFUwjR75Z56aehA0qDLZkbHbifc=","processedHistoryMessages":[],"nextPreKeyId":31,"firstUnuploadedPreKeyId":31,"accountSyncCounter":1,"accountSettings":{"unarchiveChats":false},"deviceId":"GYmCbLesRO232-ca1IHskg","phoneId":"ec520dfe-97cd-44a8-80bc-87846be630cd","identityId":{"type":"Buffer","data":"tC3wr8J1MFL/4I5aaohb4nxOkaI="},"registered":true,"backupToken":{"type":"Buffer","data":"wKfwqVP6FO3612RXq6T+X9xg3JU="},"registration":{},"pairingCode":"936RL5MB","me":{"id":"2348165640355:6@s.whatsapp.net","lid":"95507691114695:6@lid"},"account":{"details":"CIvB/OoHEMr9nrkGGAEgACgA","accountSignatureKey":"vBNfQPmFqD/5TZXbl1b+wW05fztEtXgbs/rwr2PPUS8=","accountSignature":"3Wznf5vmfX2jWWzqaBeLUNUxF13uZi8uLX69Wa1YvFsuhZpobjHMK0lfIU2XoJlLTQ1YvRWcbJnOuGCl/kxMBw==","deviceSignature":"Qqmb2x3DuWQwqpTDunjxCnh3ki6ghht542c+B9x9QmCWD3LkrZExCboxGPDgEELwW/+stz3BttxINZvkm8NWCg=="},"signalIdentities":[{"identifier":{"name":"2348165640355:6@s.whatsapp.net","deviceId":0},"identifierKey":{"type":"Buffer","data":"BbwTX0D5hag/+U2V25dW/sFtOX87RLV4G7P68K9jz1Ev"}}],"platform":"android","lastAccountSyncTimestamp":1730658007,"myAppStateKeyId":"AAAAAAY+"}