{"version":3,"hash":{"type":"Buffer","data":"sM2274PNegULHbvGdj0KqN4mVkWvotZAojfK68uG/iVOkwum0CwPLMlQQsi/1sUFTjBSYmOzv4q28m8NpXtbUiOSlTi6IaV0Cf1UW5cAGh5aVdmG4c/dylOnO64d9PHl06+OXYyyPzyJHbB9+caQS9chzPUOM6i79sAHuTyT5H0="},"indexValueMap":{"omhvArH48PJloXWtlbh5+fgHt5CsP4L8+LSQfj9uYH0=":{"valueMac":{"type":"Buffer","data":"NibHqhezvmpcxuiqqPusiMJ6w08teWtT0rT4ExFbuag="}},"vo8FCbKPg1wQaVnBofmH2moxvoYCbrXkECW0BcUS1eQ=":{"valueMac":{"type":"Buffer","data":"yOcymyFaey/ZLcGH2Hvibzi7KLQ6nhdsXTO0jIyIGtg="}},"2ec+uDb0wrgUpHGTLfq64iizIajV2DWADX/4Sk/03z4=":{"valueMac":{"type":"Buffer","data":"Rn3dxnVeINkIsiykQQ5q43lZp4hPZDfbxdCwkT+eKeI="}},"YY3shuSip023HIiygav34qMLvHjl0ZIIOCF4QXe2kMY=":{"valueMac":{"type":"Buffer","data":"B1wOAHtCTnICWhl8/b4szhh2YMbZazNH2H6p/zwMaS0="}},"cthU9D75wGZsNK+VO+P2f3S3ypr+ZAEQ2E7lEUK+ZXU=":{"valueMac":{"type":"Buffer","data":"aTvKXlSJd3K+g6Jc6M+eWkgG804khuksQW7L5jJz4yA="}},"EBzDj5sbmurGgKzA+4P8TD0umROvoxXb7ucLCoxx1iM=":{"valueMac":{"type":"Buffer","data":"5yv/yM0HpIE/KfvuuuG4EBkJdVgIASis9AqRotwb6Mg="}},"OBkjOQDDDdSLtmj6womBVyADjgbxnaLWVUF5u5HZqPs=":{"valueMac":{"type":"Buffer","data":"adC0C1iUx8Zw9+jjRbPJEzsoK/4aHGi/QcH3S2ya5BI="}},"WTeRAOL8ovUlD09Rziu/IATXYEFudgOHrTewEnNRu+0=":{"valueMac":{"type":"Buffer","data":"RRikMoLn2Jzu74vE/a5GyGtJD2FREOWDEDWARu8N4cM="}},"yfP1sQJxcHXpmCRvkhld5bHd2nPO7QbGY3wlVQr2WsM=":{"valueMac":{"type":"Buffer","data":"1WKYDBJzb+zhKo6wz6wDUFZKwn5FIwbZHzDXwE1JNt0="}},"2r91bsIGLMzgw6iyLEyLTV7lJTZ6UvVjXiXMKpho8m8=":{"valueMac":{"type":"Buffer","data":"8LIkz9+P+4WxKcKZ4HAD+RNJ/qBIv+1beUmejrxTB1s="}},"Jt4Ws2ndEMZr2Oib5NFicBcBrhHumPLvIZf12fuofBk=":{"valueMac":{"type":"Buffer","data":"/gyOqZPel5lEiyLbYJS7n5DiBniO0iNzzJVTnAaUPdw="}},"WFMHQE8nkBQ+Ffze6ULogVU1grLLFigVsyJSjTKUHeA=":{"valueMac":{"type":"Buffer","data":"GAf2wvaJ8eRjlM7F9nHafBYmzQ5DIpwUgjqn5TwUHus="}},"KBXFsHy4rCEivESHIxLvheinorVAfb4CjVdJS37Sx3s=":{"valueMac":{"type":"Buffer","data":"eZqcyuYi7LpKFbMqSKdIzVipvZPVCMuOR8PQo6ZBBc4="}},"rdZTLFS7Tg94Flv5t+6VwJuDPsokX/QwfLIdUdNPKhM=":{"valueMac":{"type":"Buffer","data":"jV0nk0f6/d6MPzfkVx6dQZ1cEw2W50Mnr5Pe+S1FXdk="}},"NHXjUzusYmgLKM6k6/tmcma/x4SsiWhHAtJ3kKTlIS0=":{"valueMac":{"type":"Buffer","data":"OxD6RLDS04WR15XlO6aAEn/MExa/6EfHx1F9K9IR2ZU="}},"4faDQhIJOf/Rdbdeu8z1Ss65cWCB8HfBY+CoowvMZ00=":{"valueMac":{"type":"Buffer","data":"91YKnFfNlYBEkNLENqp0YFmG7AIdXMwTXcGRdxFgNRs="}}}}