{"version":3,"hash":{"type":"Buffer","data":"2aUKgksUf63ZbaLHx1r6Jq6EyMkMeJhXQNR1o7kKzhv0glVxvwC5PM+J7772e1EJ2jbiuxFFQem3/5lxAAvxVS1IBglXO0fgYU/2EWyF8sto5kj61la3D7jq9soUT0PvY8XJvbdMDYpNoy57onoZIXI7hdFSmE2syzFDzK5c5P0="},"indexValueMap":{"KmjXNdYQLw2vBcBhaIPDmkW3odlZ7G5AFi8YygFU6Dc=":{"valueMac":{"type":"Buffer","data":"JJORx2uOifdXLR90UEFHmBb8ISd8FJ8jZFtyKNopGi0="}},"WDGFcYqlF8wNlwkN1jJSwU3VGwo41PUU1aiGbcpT0bU=":{"valueMac":{"type":"Buffer","data":"ehqohzOl0FLfNnWJIfVYMj9AasBnv/A4k9PpW88KjpY="}},"ffedzY7FsoUiT4EBn+PGnWf1LG7L1C6sk/wzaj6bG8Y=":{"valueMac":{"type":"Buffer","data":"MyIuPhjvz6hu86M18WaLqk+MOHtLdmj+V5u6J37L0aI="}},"oR7RjF01Sc1Iksgd4aLWwWZUUdlR4RJQzuKmmA9NaCM=":{"valueMac":{"type":"Buffer","data":"MsQLuoO9PuQATb7oqaHgdWSe2DIHSvzIT7Cqg+COubs="}},"aTSP6aMuLfCGNYh3zjCLN1P/0sgdee4g+FqdhVdKVcY=":{"valueMac":{"type":"Buffer","data":"+PDZzn0VyetS2z5jHPl4/owquL6dIET//dw0mUh5tSo="}},"Sv38vsGv5GtWePIjmfTzRxYZyCNoOpF6BbazW7Th0P4=":{"valueMac":{"type":"Buffer","data":"ipHmufiRYlRBJ5jE1wkdyxR1nk6AhbDEspLIyRedzGY="}},"dUSlB+wONmz7L7mxfUmDyuJTrF9I/a/KEo1UW/PasIM=":{"valueMac":{"type":"Buffer","data":"4tGj10Sru7iuAAGoPniXdcdJaOIsFrYU2MlT9dw/Fs4="}},"7LVYG9AaNVoNt5M5ZgH/eg/wvqB35aygzoyoU1BpQt0=":{"valueMac":{"type":"Buffer","data":"8SuxgFfVQJ5qdjg5zpoK4AZzz7rnG/P9tLWzm5YK8Dg="}},"hWYw62hS7sxU0D296Dv3HZ4oTUq+Utsm3DwDHQz92ZA=":{"valueMac":{"type":"Buffer","data":"Q9TjTJeEBLksLLwvNmgNnx8voUddFlONV6V72V04w+0="}},"vplx8Eg0BHmKxxEucXiu0XfMA5+o0wfmaHYEeLYZUQo=":{"valueMac":{"type":"Buffer","data":"ieufLxSTBYC/7qcLxh0/NE8zyuA/DXwJ3qsvmKjU+xc="}},"27fS/MOcSv9T0pWBeOB9u8fasJYf/e8/TdqRz3ntn7M=":{"valueMac":{"type":"Buffer","data":"BQIKlz8ZrTOnZO5fvY9HM+71pjzFH/TonDhtL/ia9mM="}},"Zxgv0wC2+u7Csh94WDW6QatmJWGTm0wKKrnZx/oTLq8=":{"valueMac":{"type":"Buffer","data":"udW4zr6x9e5zXIUHxJznsM76hztSlNMi2phTPh/Ky+k="}},"GWkfeerpI7iPCJD0Y+sMyobXepNuUCpV46TI16bUxos=":{"valueMac":{"type":"Buffer","data":"4QVa/RbwOUtPX3DKJfN4rxbHzzd47BEplJmcdRNPWVw="}}}}