{"version":3,"hash":{"type":"Buffer","data":"uwkEBxpjDt//H//Kj4YxEok0dXPlWoBNiMmVmmONz4TbHrA5imOgHdHPWvaHkQEC9xP0M82RmRiwx8sbzfiLz668qZ81AZxYectOax5jh12NygCmkzZ0jR2K6y9sxs/3y9nOLn8ann38aZV7ZDVTQy+dzQ2U+qf3T/ld3cyJiGE="},"indexValueMap":{"t79ZVEtLmDiogClpQnQwezbIgpryI4LkBS4J9nhqfMY=":{"valueMac":{"type":"Buffer","data":"LaoJc3kLqnKqyhdl5gZPc6m2trnVqqNeBOLt96+DSUM="}},"nJ7PKi5FUuscfzpG2SwjkUoYBI2Pdl9gPaRfdQiBgWU=":{"valueMac":{"type":"Buffer","data":"lUjSRpKPEe8A5z6f8u7VdJtc4dcep2W2itE6t/2n4pc="}},"I5myFe18hz/xZ5yLxBNJujbUHPFvdJ83mG6NPmcnqj8=":{"valueMac":{"type":"Buffer","data":"8QDl48DRZnbYqsju4i0n7uFUDV2VjR1TsAR6k7lQrqo="}},"tB1TQ1HiC8Z9yjaOFOX3eHcGM/9pLDbW6zlLSMfwkRo=":{"valueMac":{"type":"Buffer","data":"wFbovy51aaveO+yCO8o9jmtpx7c1PPW/fo+KTKBgH7I="}},"SbNxMSTIMg+4kUe9UHOZOXxXPNIlcOGoaeWgRBtF2VE=":{"valueMac":{"type":"Buffer","data":"o9W2oX9aMRcG/D/YywSVBeVJV2rwIhfD3lt2qDDvD/4="}},"DxA3LlnbQnmmUS0wRHzFkluL17wDrYLK/jMp3sh1VTs=":{"valueMac":{"type":"Buffer","data":"eKWThMBX4Jf5IfjM7np4w8mihf9IYLKgrrZ2m2duIIw="}},"+hVJ6WQz8oTUuEG8jZ2zEehCpcjKg7SuO8DqwIk6Ou4=":{"valueMac":{"type":"Buffer","data":"lwv2wg5XuSx2mwjtUnSTFdcx75XjgatknZhIx+XWOBg="}},"+za0NACJB8mOfruRKGZe0wFWt+eK4fSfHaGkkj3oxSk=":{"valueMac":{"type":"Buffer","data":"Jb7e6GCfFVk5TSMWTMTCY0Q5et42UxNszLXxBvcjhGY="}},"IWQk7rFZk6z+fW3ADDduReJFTQGNosW0cF+Tks5oVAY=":{"valueMac":{"type":"Buffer","data":"Xk81/BiDkBfclQ+JL6huk7fXKq5DstuAfyYfJNBClJo="}},"XtxcBWiNIi/fh+mAdDmdGS2ZJUVJd3n3SPG+2wfqZck=":{"valueMac":{"type":"Buffer","data":"hcjWwrnZ0DVndgxgCOaVuOMds7JcZ140Thr9zlKKl9Y="}},"89+q5QCR9nPx6C530GET38RYheGRgmK3NOYPFjUz3J0=":{"valueMac":{"type":"Buffer","data":"qB2KGc1UxLdoTVGbDLkSazcItGe9eqLZmTAihYUL60M="}},"jRQ37LA4iwqDlx57+QJVb8w6xQgWiAVrZptW2cgTgec=":{"valueMac":{"type":"Buffer","data":"hWhRwj0z85lha7GQD1W8FH7H2Zs3bquEUV7Uzi1/9Xk="}},"KPv2dc8q4uYkvtsihBvkzIPrBSZs7/VPccyv10lVZD0=":{"valueMac":{"type":"Buffer","data":"FsZPodTJhOvwuPf2/A7uA5ujUI5aW4zzv20t76egbKE="}},"MQoFQ41P6ZxftcsrLSHJwYCR/CfW8jE/vA7LFunwMYM=":{"valueMac":{"type":"Buffer","data":"Iit9eWWDPfKd9ATGZcDuK4vn9T+nnwkKUM4l6muSwbY="}},"iEZLwnbmRIrVJpJJhDqR1/UKH8T/Lsqm0jRpDY8KpsI=":{"valueMac":{"type":"Buffer","data":"eLrb5BjMa98Z93entIWhK+si0k2vPa8ZLw5nCJyxR1o="}},"T3UEPeY9nkXJ/eJrCLmxgFSuwbr2x4Ppo6V/asKY3xI=":{"valueMac":{"type":"Buffer","data":"d+GOgRJsiC//nqKw5i3l8xIfkXzVYKbFHdNnIoxA5PY="}},"Av4UFG8/KYHXsC+dq9CgdovrwLgTjb1nARw34erj6+c=":{"valueMac":{"type":"Buffer","data":"E45cGjK5ozZBgBlVxsCWJbIqZhB6KqE9xVXnrFnOo44="}},"lwEmDPT0G3oSDyCsKDtLmPf5ZVk60VPpVmFAR+YQ9Zk=":{"valueMac":{"type":"Buffer","data":"gqCJwN0qY2Dt1kFZQPkXKlCh7lLM44tyFZVBKdo6fx4="}},"oquvhXid9v8NhAy2ibxI97l6MyOKMNoRANup4yEykFw=":{"valueMac":{"type":"Buffer","data":"sxewzB0tOObNmYKCr2GX4uXBwgnWceii04uFJbS14vM="}},"boSFpi12ePi4VWQnPBtlMZztfobUcDr8X1QAg0O/mI8=":{"valueMac":{"type":"Buffer","data":"Bu7DdAs/VxtKrU05QaCHD4EeGwk34zu6y5SaotzgSWA="}},"SlLjV1MCqQlI7kk9KcCpinIFaA/qgwcmTCAYt+7Kfsg=":{"valueMac":{"type":"Buffer","data":"mTXtQFCY7o9qD4kFCxIbFe2QEecjomjvN78SDI6Ztv4="}},"20nhIghbqx3sjI8e6I00dd1q7sZdcHQ+C8U0OJgxUeg=":{"valueMac":{"type":"Buffer","data":"4O+boAXUUdE7z8x6arnzaTaQiTsAsXT+AL7MCRUF59s="}},"zmyWLB6PHQFeslt7Y8LtqA1H4et1edEgiMAhQF+tJu0=":{"valueMac":{"type":"Buffer","data":"nsYoYz83YBEv0WOK3R2sQMEouAS8A5paiWBXEA8YrQs="}},"eMA7SWtdUgkqcihnRO0go7odTFqlnHrXbmy9pgzX8HA=":{"valueMac":{"type":"Buffer","data":"80jaVgaV4u/466pzrbt1fh+10tJly9solD3+qlbmsiw="}},"zmZta4vXrueF6pujb1/hFfLmYsQzno83rg1NrKJYDcg=":{"valueMac":{"type":"Buffer","data":"/EZeF0EA7ZTP8MR7VSTvTezBd162q2d88tBmuQQ18wQ="}},"j0xeHz9om5ZmIpGdWQN6r9FzMedad9VjAQr3Ma3YXQI=":{"valueMac":{"type":"Buffer","data":"PYMjOQbYKoehuL4l6gPJ48vHzHC3d196rtSvAwcfar0="}},"uyYC6Ay/JbyV0j4vCnUAUM9NEfAbIt3yB9+tRUBb1pM=":{"valueMac":{"type":"Buffer","data":"icFkhCERKQvXhjbTm1gdSOcJ6u3NP5dL9/O/sq8bXsY="}},"J8iURBf/lM2bCl3KKlXQj1qSg3P6Jc9GNBStbAPIVeU=":{"valueMac":{"type":"Buffer","data":"VDd9TFlWlrpAh1HKh9lC8n4SoTVaB68hj7h5/Q5oYmk="}},"UYqnDwHHzglK834YXqV+PxFM/jbTa9xE1ADMK7xLd3s=":{"valueMac":{"type":"Buffer","data":"hIJoAlBCUqUHktDCxooOqsVqmZL1c8a02uG4mJrVdTE="}},"njKPJEcgINJOAWhr/iFvK/ZKgyievlda5I7eyvg0/3A=":{"valueMac":{"type":"Buffer","data":"FGMhuGbW2K8qCMh1FZ46d99LPShacUKcen4Ez+NqUIE="}},"FQiuyu4jTCnoIIwL8qkkr9+nf+h+itAhXco6z3TMjkM=":{"valueMac":{"type":"Buffer","data":"O6hZUBXYnrOuUanJkN8ftIdrlj662rWRswIiMvG0QiU="}},"Kx+eCPRQG1dur9BGHXG3QHSIURHIIXlC3eEcpSUEGaU=":{"valueMac":{"type":"Buffer","data":"QsD3DLDfwdfFMahk8X2BPBfNtwngOoKh5bhyg5XMEzs="}},"A3owozpND1vSz825MG3l4tkTKJsGcX+SVSBYWGtn4x4=":{"valueMac":{"type":"Buffer","data":"jlM1UkCnz9xF5pVYEz3uUgi/v87p0NycuQ4CDjtqtl8="}},"LYfYuwDJVtutVtFWfNwjLLH++pSLIoterdT/Pu68cxQ=":{"valueMac":{"type":"Buffer","data":"jP892gYKnuGsLMSrw1nbx1sEFQuKgUSFGYAC3IzNRUc="}},"2aw8/akuT5lFQIlU3OwD+lqiMPSDcNK8yfnEd9rl2qA=":{"valueMac":{"type":"Buffer","data":"wsw8hxumaghVWO12yUO3KKj6FgJmRmiwvPD4xBzP2kg="}},"qVrvc9qOXBHDroC2IRTArcPskbhlgc0tdS2LHeppIc8=":{"valueMac":{"type":"Buffer","data":"uBmY5FWd+gHXqo54n8uOGAGFEcynzDNf8OYxOC9oAOo="}},"ZhExorXSzu4FCYbmbLqIaW2RY4ES3kIhJLaohGNj6MU=":{"valueMac":{"type":"Buffer","data":"R6O4dUDBFTkediYy+m0DNz211P0cUINxkHFeC1caOb8="}},"z356y607EvWwgYT5cr30XFtTbKZkLYD2SA9MqCQ3OyU=":{"valueMac":{"type":"Buffer","data":"XSeRRO9KJCsoW0c0H/5Qsxziec3STXwEv64PZBy0AR0="}},"q6J52zlB1vJ+VzXb6RQ38M6jReN5VzzKzcZWGh4LMBs=":{"valueMac":{"type":"Buffer","data":"rlnvFV5c6sYVJIBC4Luwi3d70+dfRwGXeaWfV9H8iM8="}},"EiKwXfuj6sYCOEliGuC/w7QcuqHPIzGe13EUH4yntgQ=":{"valueMac":{"type":"Buffer","data":"C3+u02YGX55AfyfurfZTwcTT7yX5RLdatw6nZ0aINdM="}},"lai10yh+faRgbRACnUTXAYAe5ArGWIeZhMvRuuqScZw=":{"valueMac":{"type":"Buffer","data":"PitNt730kk3gl6pkGuBcD5N2VImiMAjCghAFNLedqwk="}},"ylpqyA1EDWK7tYcFxj5GnsqmEmWqiTc91XLYlGK16l0=":{"valueMac":{"type":"Buffer","data":"bfA7IdinLMgyfrhebhGu5ecbklu6V4bPy0l1FHRVCKM="}},"hYiHQ5SEwzLT/0ruJo28ePitsovWXHb9BjL6R9J9v3s=":{"valueMac":{"type":"Buffer","data":"1dyAABkRv9ZGJyOAznb4dXXWwfS2A+uL6Yrk4asfOws="}},"/BL7NjDcMfBFaCMiD0K4IMmWGKS2zcxBjjWKZYW1rrw=":{"valueMac":{"type":"Buffer","data":"Y3o6oYITLguQHCE8HNwq/+fG56067ZE9XpP0ce/Vlls="}},"ET4dF+VLG4hvTg/xt3fZW2n8C2n0qmwtfG0+my3yVXo=":{"valueMac":{"type":"Buffer","data":"m4An10eV6bLa4qa/+EBRmSCVWLyTRcibqPElGSneSIQ="}},"NyBuXKgs9HmGzMaA1X64+Q1w4uKafO2R//TYtJumtgI=":{"valueMac":{"type":"Buffer","data":"Ls9hhTtvvlQR7jLSHkuAkcbZlH/7p4ibGZrhlG2p33Q="}},"r2ddBgLI2GzTpU5p4czRpLTFTvUhNMWfDBTxBm+h0MM=":{"valueMac":{"type":"Buffer","data":"doewKVqD8m7K38wxk2Snq9M1uMsAXoRTm+SQ39kCbXQ="}},"G5POysmg8XmnYs9GTBDi41PbdULRhoeoRS13mchRpbE=":{"valueMac":{"type":"Buffer","data":"SXDjUMfMnsT5Vh9ODqAHIJp+JNk6MN4Gq9w/FV8gueA="}},"u5yPOXcYxbw2klwSRunhj+BSOgFuOSkOXPtMX2ssH4U=":{"valueMac":{"type":"Buffer","data":"xxyxSYZNb2ipnQF+yLdGG3ZflddDyVhHIFiuJdX4GtU="}},"lpd34BtIklbe2/s65cy83Wdr5iJDXzCl+nFAGMQPOfA=":{"valueMac":{"type":"Buffer","data":"RGMxRdCVaDm7NkoqZJSCAohlV3kqAOUUwRqeOmftW+c="}},"V6jMh+58lrcaFnUZfcno6N948lvzNL8M52vl+MTOj9U=":{"valueMac":{"type":"Buffer","data":"t1K19CV19x4gnf0H50f2D6GhM89s+DidMg+7VHYqhBw="}},"CWKr1WQBMN2Z0+y8fMT4yYGBc+kOIcY2VSnvpLsUkig=":{"valueMac":{"type":"Buffer","data":"m0UJgE27rrXBB+2g94ruJXcARPDZ2T5TRaWqNv6QaXU="}},"YXEYcHySR+JvcL5Dn9Mu/rUHl7fNdPVQmR7D3rAutZM=":{"valueMac":{"type":"Buffer","data":"xUwYHGa5tfMD+VF0unoKTNvtVZKeJ4VxtdOd0u/ktg8="}},"8TkavDuH5AQNpmtsv2h0heL99VmgFjQ7ou79TbatVT0=":{"valueMac":{"type":"Buffer","data":"F0pI+hne4US++31VcFDd4I+eHmdjbGVzm32ERYKxCAQ="}},"7uU+GI1bAqMV9M2KEsrtooUmtj5O76YBuGFk3WYNI40=":{"valueMac":{"type":"Buffer","data":"LPOp3zCXCW9Jb6nJmMZ+XX+S/QLKpYIq8EOCtLA5N38="}},"pgms8wqtkMS/lfHmDd30XRPqOxrAGPrJLnsXSac41Bk=":{"valueMac":{"type":"Buffer","data":"rJDcGUpqKvs05TdbjWm/PSrqzh8842/oSJe189s0PcI="}},"smZjYzIerdGG684gPXtmc5Zt9TLozOo0h3w7K+8RA6E=":{"valueMac":{"type":"Buffer","data":"NLOy+DPE8utSKQtmxp2WJh8UK1Att+KbsSmzQzT+9po="}},"wNJUpj3hobMoRj4cHnI4K3iEcIC1zUifwWaxZ7C0uKQ=":{"valueMac":{"type":"Buffer","data":"L2vcypsHvX8lrslsMeCpP+2G0U9s7hjK+Zo6exESG0A="}},"NX3Hhw/LhSk3fgzFtEP7kYmjLH/ThKSuLYlHt+YeT+M=":{"valueMac":{"type":"Buffer","data":"uaOgvDEJs7zusMsnojHly9rt5f4ToeBIqfqwzCTDz+s="}},"0FtYYmB/l2exSuZKl3satNsojSpYFcLPoAoI8avlUig=":{"valueMac":{"type":"Buffer","data":"zWRgoVb3ZMpMXeK6TfdMzTy9nhcHrVJJj+EAQIH1lMs="}},"TbKPHDYEUNvq/MtpBTv9bnYhFTRi5FHBPNzOWvF+200=":{"valueMac":{"type":"Buffer","data":"CW8YBEAV10JUrw1PEOJHQl844ZMNAig4jjAAlht/vr0="}},"Tlk9rLSV7TqT2esh+UeOMiR8wSD9WCXpIjxklH8aY0E=":{"valueMac":{"type":"Buffer","data":"NnxJH0h6+g1wpp6s34E5YLyv8guNLDYbxL8d/QuIvdc="}},"vBmx5e2UZAb1bicsZKxGXRaCXULrFSZxDZlEfUEEu34=":{"valueMac":{"type":"Buffer","data":"HVbMlpFWpeqmVBXkeejIHQpLStFWCJj6NZhBN3umVlY="}},"2k2Tc84c4XOtWJx10MtYnH4qPjuutpgKtVLhbclg+Bw=":{"valueMac":{"type":"Buffer","data":"t+YT9vo1URZn5apKsE4XnV0tGozrINThibZ9MMzJBUI="}},"WnH2jl8pTbuZMy/cVs2jh9n50xVZY+LeJaPKl/oHmR8=":{"valueMac":{"type":"Buffer","data":"G9caxcIyf2QQrrpHSiprDck8ydhukcN6DbI7a+MCUVc="}},"DAyOQgHYXI9KO1gOuz0HpDQfcvaW4Tl836tuAytjXzQ=":{"valueMac":{"type":"Buffer","data":"dHjmB3g6dSAg5lbN7JSspC4lju5dhB4GbtU5I6pM3ng="}},"YP3IIK3DfvVOWX8WmVc/uhUrmPkbhnnUZC4GdnsNGC0=":{"valueMac":{"type":"Buffer","data":"oMqAz8dD0DCyOl+MhH5Fay8Ei/ccDmqMev+iH55I6Sw="}},"3Va8Zh0rrt5kVo1v74PR0kmlArgFgnOEtUYB0mZgfL0=":{"valueMac":{"type":"Buffer","data":"K14wkmNf+CxB8W67/YkqFyN/SZvVhcPAA1kOifYl10U="}},"L0wfqZnoGYoAjXdeJNJ2iOqUYjYP06xIuB6iYrnX+28=":{"valueMac":{"type":"Buffer","data":"yZt5H5UG1B5Nr1jbSda8Pgklw0/OHL673n3LNeNxSkU="}},"FZJExxwSKbAhTNmMJmDfRo9h8hQq2MXGdPXXvvKk7WE=":{"valueMac":{"type":"Buffer","data":"VV5EqQXEiq0Tetd95JIygRLZoqUboUxjMrfvu1dpNFc="}},"XKjy4qr7YZQZBN1tAKx/nBpfBO/kwsvZw//uNyH1c3A=":{"valueMac":{"type":"Buffer","data":"/+qazaPPW0710zpVC0Oi1LlSpI9B8x8vtWbKun47/r0="}},"Ry758uvxv7NXtcUUDFhND5IjK2tNWlO7kzjSJB3LnGA=":{"valueMac":{"type":"Buffer","data":"HPFCb8wr6nJgWQQGnUIcnZ2euKpYY9PtcsKZOD/gki4="}},"O0FUerTuLOMYPL9xI3iACmaVrG37GJ0aI7rFd8hsDM4=":{"valueMac":{"type":"Buffer","data":"j5obrDof8dDCEg2DnHzDOHslgQLspfBU51F8pNHjCGw="}},"pLwu4PBkgcrXzGwpxhMneUNxY5KHOWXFJoKnvSP30Sw=":{"valueMac":{"type":"Buffer","data":"eFXWg7LUzw2YEv+OxB6ULbNoFzYN2fuT/BjsLsPSvkQ="}},"Iqi3n+1qtLxikovvsQNGqOlo3Zg2GtV5GPWQdmeEYFs=":{"valueMac":{"type":"Buffer","data":"QnuZZtlwiKDwm1nKWZ49wEzSeHqa0LzbvZ7b4ICiSVM="}},"o376don071L/qgQL7iMXekFg/NyM26oy7WmzbhD/QzY=":{"valueMac":{"type":"Buffer","data":"r0MtNZSbF6JBGOLsMJD42SOPVL+UIYArQ/moaRg2oAo="}},"tazwOIFqYl1zyDDBXQNnTXCmjxCktBfQlIMjRbR1AW4=":{"valueMac":{"type":"Buffer","data":"Fxj24Vug4eOsLFkkHd1GR4qKIYQhNNH9I4VF164+ulY="}},"wqIzmb3+UCqg+7RZVOV6TQ+GaHVXFz0wwQfsJnrfVUk=":{"valueMac":{"type":"Buffer","data":"rZueI43SXExhDSHhyJ1lcDexx36viQwo1oHffTBH53E="}},"AB8iZYnxY/MTWLBt5GsKke1Gn6h5AlCrV+A+Mmf8TNg=":{"valueMac":{"type":"Buffer","data":"LK0D1+L+oTPvQQUmkOSB4qAZybw0ZgwewmM4mH/WsZs="}},"zql86gm08ZsOoKg+qNAvTLG6J2hp/6c7qkJy32lBOZ8=":{"valueMac":{"type":"Buffer","data":"q6QdmUjvHkMif4PT0hc2z2VP3YCeC5/TVRlYDxUCHQk="}},"qAsDq4a1N+Bzdups6GjYUamZiIJXZWU5aMOYg4vdRfc=":{"valueMac":{"type":"Buffer","data":"wAWFlT2aOm4KR290e/7qn7d1uzbT0cxdMi9SF00bT/M="}},"1RlcXZAxow4OseF0jUmDI4fZn7LxoxUReHqfejdJMhM=":{"valueMac":{"type":"Buffer","data":"qveqhjCzfK+GIRhMqtsLfU5Y4iBqNKZwptFNoUFasc4="}},"MD2fgEr+CpuBFc5lBj9eSD9QoGDc7+gLGATwg150nQI=":{"valueMac":{"type":"Buffer","data":"Y/pF0214WLl06KxrqqSiIPrLM+OhkD29T/IabMMCRgI="}},"PTlPBzI68ZL46cNoirvh53vU6qwlPVQgRFjME9nbuKs=":{"valueMac":{"type":"Buffer","data":"+WiBjQxVHf26IPicRDkn36Siv2Jyi0CeVAlmnXo8kCU="}},"rUhl4/DNpJb+NAhbt3bchKAV/KT/vwrqvd9ATXOvlDE=":{"valueMac":{"type":"Buffer","data":"l3wmhjFCKKTDATW7kA/O0KxTTFlT0vW6/wUFkgTLATY="}},"u4SUNrk6bqvWnjL4BcVnVyrt3SeD2GWSiGGNPbhmCh8=":{"valueMac":{"type":"Buffer","data":"v5qnwXepf9aPfcOpYYa1sATAxmC4PZqxRzSzaapqswI="}},"wyhxxIGlEzwWX2fSx/RcVqY/8TMUXaj5wMlsaSW1grY=":{"valueMac":{"type":"Buffer","data":"u8p2i0KAnrng06917xTZJ/dlbBNS7RTQcho4QSWMs4E="}},"4bW4ze2xshDXQmm3a6tsZPlUkXv7PAlbXugIvg/hWSE=":{"valueMac":{"type":"Buffer","data":"tKw1FIcTYpkU4GOAV16hULYFIh3W5RTWdMs9DCyUeWQ="}},"Bm2+SJEQWhckY15HLrwMKnsZmw192PwZbhmBQ4eG95c=":{"valueMac":{"type":"Buffer","data":"UmuQVK5w+0bjpx4R1/faT9xSLHjKb7rqdOfqZZAUh8A="}},"idBLF27nycIOG+4hbzZY6PZF95s3khytfqWGg1KJamI=":{"valueMac":{"type":"Buffer","data":"zpdt8VzzKXrDPApu+0ZRfk9wORHzbgx+r33ZmP1qlM0="}},"5tbW6xu0UMxWDpFNE0QsGrPV2OMKswDVzthItmo3tNk=":{"valueMac":{"type":"Buffer","data":"shYMsjkQR1aONvlD4IFoPxrCrBoM2qushUL5gCNW3Uk="}},"tmBmaRz8unerB2tcffKqm/Cud+J0BDcwkCwGzEYhQsY=":{"valueMac":{"type":"Buffer","data":"qsYHFuBTvDv1MYzYo4m/6/VlrPBLiQbpgDL/f9FcXzE="}},"EHlcrlPmAOnUavtvsjhwgp11SjOiXryKr6SXYTMLI8I=":{"valueMac":{"type":"Buffer","data":"B9e5IxRO/+5BqozQ9gAeZtmIZslZpSox46PeugbB0Ek="}},"PYp4i+F4v++rwyAQoM+9z5nRTBNMH8JhyGrF9uZ63iw=":{"valueMac":{"type":"Buffer","data":"fXJ95ifOeVGR7v7bzZqQIMOLlW5E1ZOeskzNYuxWLPM="}},"SP2BLyjfmeWgPg+8AJ7uUMLKhC6DbQJQwoQajM3XG30=":{"valueMac":{"type":"Buffer","data":"KMH6ay54WSe1lwhk8cgN4HSP6H2jK5fXfgnSVOpf+1Y="}},"28zziHsU0H0xAlM2jT16VXbaMjEn+auwSjWn5cXFWuY=":{"valueMac":{"type":"Buffer","data":"CHBCJ8OcVaQUKyDhFQ2nmZg1jH/6O+KKLlgdWaAfeRY="}},"VgKZWP4bE6zIU1EK432s6MIMzWGdp+JlNHzgZQJVp3w=":{"valueMac":{"type":"Buffer","data":"+mwiCa635HmXSluuMKuvuZqA7crGw9HWnRBm+7zgF8U="}},"CJl6fTf8+g9Er8GmKAFG2ob+B3Zri6ErdPFFO8sRKDk=":{"valueMac":{"type":"Buffer","data":"whqHQGsqHhJdNcqaY0EZv1QrE+eOsAv9ANFufcyMq2I="}},"dvjTP/Rbht6Z+0KHQKxXOjRTE+6W86Orc8sBNEzty8U=":{"valueMac":{"type":"Buffer","data":"SpmpErTnovNRKDwgeKL3W4gTsmUvpl3ptVDPDxZZm0E="}},"AdbfzsXDzNcJkIw/s3gSp93Jn+Zczee4jlPyKMvobm4=":{"valueMac":{"type":"Buffer","data":"EGktebV33AHveT1htYnPeXzLFlahhJansICkLBHI8r8="}},"W7uQtCkKcv2cnxprrl9JWjCntEHazJDC7KiEBf51uqs=":{"valueMac":{"type":"Buffer","data":"HUhYW8Xdq0fARc5JX0Wy+Pk2liAmdKnbDs6xYW48NVA="}},"ZFic0TpFI8kcFB+6FcisTX/I+22BPwrSSXLSJoIjTxE=":{"valueMac":{"type":"Buffer","data":"Mn8LQ1klUZgQk41Eqe3apPnkn6ZUaJi0GVeUHhqARh0="}},"WQ7G1OGSBiin/Pw7RSsnkD2aoPMlmX0wMA0pFSc2+Nc=":{"valueMac":{"type":"Buffer","data":"vYwmYQwchYnJLREMlr/IsOeGwJcEp3r45URGfcHD2P8="}},"GMS1mzaxvai+Qlj7QYa5/ucWeJBHTwaHJ1HqtGKgkxQ=":{"valueMac":{"type":"Buffer","data":"IxA1l/dRZtAQ9S2b1v/GSRPLGycS63FDnKUhLOncFsI="}},"PhmULiC6itsDBEIKZliLqXFf1sXqnDLm/Q4LGZO5/XI=":{"valueMac":{"type":"Buffer","data":"XwCcKcSbZsZYGCGHGGWlNFm73xpWcfFLQSdoPEDVDNk="}},"Mv1lAxU/7WkBDLOZq/T95AO3C6y4KT2jiFHeaqya9qM=":{"valueMac":{"type":"Buffer","data":"SLZuGOfmA2SeO6HdzAXpRBqkbcp97YNMY1dFln49k3I="}},"W9L5csKACOZamT90k00tak43ef/k24ERx52gDzmKDFQ=":{"valueMac":{"type":"Buffer","data":"ziU9JAvQDYXY+Qd+VAnPaK9nNf6g17/GxEddltzAR/k="}},"brMgSrl3dtgMtwphEFoNqIBroL1EKhbBMFp3ziZhVVs=":{"valueMac":{"type":"Buffer","data":"jffSZR5JiHCowoVmJ4sEulPxIrN1fNGYjyjeB14KqpA="}},"IYxHZ0J3D1jMi4k7RuD3e/E9CnaWP6inu5zDzZ+Jaak=":{"valueMac":{"type":"Buffer","data":"GWCqFlB35N+fFgzdTstNoQnedYhGOREm3kH3gXFt5A0="}},"MU9CT3IewgHHr5o/rL267ZDd8hkjkegKnQ0Wury5Y+Q=":{"valueMac":{"type":"Buffer","data":"ZCPtv7zVkMZgkp/T52Xxqh8cpP8Rukb9zrcpdrMMlas="}},"2syo24pHgCX/Fm8zaSyKmtsBAYgwLWY6B4StPU895B0=":{"valueMac":{"type":"Buffer","data":"zSugejh79D6ojtHx+l0iEF2AeCjU5q9UNKP8KDGRYXA="}},"zQoUV5doBFmQ2D4Qh4/wzMvhbulBnkLOqsc1zrZ8uKQ=":{"valueMac":{"type":"Buffer","data":"bXojcgZzkhMNLMUFj/M2K4CGFk/cxaPX4CE78FW0b90="}},"rdeFThtrr6K2HTjyYYNzLy5TKIadtB0NJfqfgmMoPXU=":{"valueMac":{"type":"Buffer","data":"kpmz0hgpWk+AMjWOnebypwf6tkJyl/CW1DMUCP0jMFM="}},"GaSRaejnylav/53+8BtZi0Q1SiugbWkatxrDZRqJwfw=":{"valueMac":{"type":"Buffer","data":"dZg8iOWEETcd6Q31XRqtBRzZKJr1KsUAYMSIvf3E95s="}},"hBMn1Abc5dbWR5ymhJEHXzCenPXmoAhDNUQaU2tyXt0=":{"valueMac":{"type":"Buffer","data":"KYyan5v+I8XUhP2N7mPwl2eKxXeddb8P5JN/W8196dc="}},"LwCkMObNPMFf0tmJnCzeK0xE6TWo1SPZre3F1EatsB4=":{"valueMac":{"type":"Buffer","data":"SJ71vzAsw8inIbRgwTrLS9hwunGXke6dO+IHTGZEudg="}},"rzoKvKXmjEulnhfwptUEayhdqKoJuvIKwfsmPE5nSiE=":{"valueMac":{"type":"Buffer","data":"KQSYKuL6bqMEA4Pt2LhYcWd23nfhI/IYRvEYBlSPRGc="}},"hCN/iFWTOIpJcVFKyWMtDC41bs/rS2M/LVttg9vEsuI=":{"valueMac":{"type":"Buffer","data":"20M0vV6rcdh9Hf3bLL+5SY9E8lmHgd6iUa+N/MVs+CM="}},"Z2eXUhL9Re3oIta29tfBpjh6S7dSuDm9y7YHEyUousI=":{"valueMac":{"type":"Buffer","data":"6Xp6kTGqTuSY47VOSinHXeRNr5kG43ulGpwl5SagMZg="}},"eIpQRHCguuXJKbJJ1Sw/kQC1QivZTn3fMJhfpR6tzGY=":{"valueMac":{"type":"Buffer","data":"a5Bq4FII/E4VeJtGzM78yew+YlIAdFxNrRYjHv2/aFs="}},"653RW4F86JQ2ybybz1Jb+TmviYMD0wuXcF6NkoUvSbU=":{"valueMac":{"type":"Buffer","data":"N1jYyIKNr9Up1odLc0I64uqjJD4TqQl5sJbeKnT7g2w="}},"hi8Bs5jGq+yrxnKyWR7qChPrmX6ZyqBETKtyy2EWuOA=":{"valueMac":{"type":"Buffer","data":"U8Foy6aReMnSbt1va0fRI4MXq+o8gs354nwQzMCs/0g="}},"73+hgL0sQ4WnpiX0VHHYuL6bfOFES9DpVPvSxPPd3HI=":{"valueMac":{"type":"Buffer","data":"OxI4824Ihv30+PM+ntNPJtwDoxzUVUyZNZmm5MNPqPA="}},"ZpzSBjtTpOMYc1Ixr6Mu3CilqCwYSz3ewUKvCZx7qII=":{"valueMac":{"type":"Buffer","data":"EoCoz21dpncnrQzPNmIu4aiAsoIVzEPtljbu4kpdN5g="}},"HYx5NX3YY+ov8eReJiP7Of4gvfk037hhwrw5+SezXOM=":{"valueMac":{"type":"Buffer","data":"Ape12ocswnzlbHt/LRu+aglFKiTJCBzaMP0PCTBFEOM="}},"wd3ZdmsO0esqhqKDXI7IfkceILGjun5t0lZ4OwSVGt4=":{"valueMac":{"type":"Buffer","data":"lBh0iMSgnxleu8DLqJNGvzreuR5mIRpDRisOJ7k3ARE="}},"xGKEcC2WwC+fpuO1Q+4pqg/EU1EFbM2o0N95uNeqsHo=":{"valueMac":{"type":"Buffer","data":"OiHeVHW07jDg2z+rEerfwHA+hTe+Z3QLMDlATya1YXg="}},"6qTGJoaIlXuEFbEEnUMgj2ZmgCXNcJlnRv7/E+YjgQY=":{"valueMac":{"type":"Buffer","data":"+8joT32qQyRdgKC+NkkBz3pvC1H3pxg4I5LGpSbeAts="}},"5u7GmjQOpQjXnu0LVc4Pomo0U5CHUdmQUkGe6hV2vCY=":{"valueMac":{"type":"Buffer","data":"ZUxLZ/s23DUEpg1AxnvxCllX2sSC+jMSSFRzUrhsdyM="}},"wCo+d6fVKQ+whilwK1MkD6WIKRh1NrSqGLGvXHjhKok=":{"valueMac":{"type":"Buffer","data":"Hj61o9NfkqYHErnH1ccVPeOqZA1KjxQqonweT1MCj+s="}},"mDMfod4dVG0Wa9hm8wj2M2irVYh3jauAKm62+NcaEkM=":{"valueMac":{"type":"Buffer","data":"9qKXW4PSBHAExFKGo8vTVVHCqHN5PJQzfy+1crQIn9k="}},"mJfl5gg3bqZUIXR8L7OVT3+67bWq15GiHNu8lJbTXzc=":{"valueMac":{"type":"Buffer","data":"3E7+R7azg+qTmPUMufKewttK/J+CHjgt36XVFZlmDMk="}},"Sz6b+JFHuxI0JYRHUVPMTU2+R5dv90/najIyxR9BroI=":{"valueMac":{"type":"Buffer","data":"NxaMPR+wWQhK1ZWS7qPCA84Irg83pzO/cms8jH1uTP8="}},"vF4YJ3q91I9QPlVx609qmbfVVibu9X3BnnIMG2fDt/M=":{"valueMac":{"type":"Buffer","data":"SiMhqagzbInTzd6PzQGMOt3BxXsJCWEoqMYTtkPF68k="}},"6Gk5MWdTr92i7q1JFEaLFOWub1lPUjImHBurSrWw/rE=":{"valueMac":{"type":"Buffer","data":"WIaS4lRt8MjK6groAeNTSsi4fkbk08NtO/oPLXh8Oak="}},"xQ1ipv7B9MCzjNMqab9XAOvL4tq4UoEPt++LPKXQpGM=":{"valueMac":{"type":"Buffer","data":"wmVnnJ2RguSi+eCGN92+3nOJHmkQLSFMNLEli7hxL8c="}},"8eBA5VxYNoDFgeKf4lpjSgAo4XeMusSFooFimnLUuSo=":{"valueMac":{"type":"Buffer","data":"U6Vt2TEN0/HNHY4nQZI1jT3lklARCmDJBX7HKlB1C1w="}},"XlJBLHF0nXDaBShXoxCZKTe2tGsZIzFEZiOFSXcW2H8=":{"valueMac":{"type":"Buffer","data":"tyIIEeza9AN65AkOHRdEJoARWg7xcbWJGSHmfQn6clE="}},"wVQurG8hyzpUr0PamCA/tDWIj/H91D7ErZbgRV74bV0=":{"valueMac":{"type":"Buffer","data":"+JKIZp8kXxGJEBm2uHMk+fj+zJBjUqboc3PiS+fXiiM="}},"t/3P8RY6MSFnGle9kKIyc1bKSntHSA8I2PuToHw+8H4=":{"valueMac":{"type":"Buffer","data":"Yobp2wK1CD+X69JveCCaoz3GPphcYl7BM0pw6Z+TM6s="}},"Z3qUwB4EdOWIkaAuU2ZTuwxGSFLp63iwMS0GZs4WvTY=":{"valueMac":{"type":"Buffer","data":"pR5kpiNhxgXoghWqWMrEsBA23RMneu5oaWOupiivlpA="}},"EBSbdQMhIHzVnhJy9jjiMEoD7mDkI5GkI60shO/CLpU=":{"valueMac":{"type":"Buffer","data":"aIjbzjziLPAuorq+4McWM04iKjRPHDOqUnl883CTOHs="}},"2SdvOx8uly/mmz9whYx+z9Uw9gbbxh3EkgH32kaGr34=":{"valueMac":{"type":"Buffer","data":"MzCl8l7EVARttFGhudQdhMdCe7S5V0Y1sxZI0p6q79U="}},"29D0RShiFxFCfQft6GBthhmOZKYhbIYTSkAfNVXA1r8=":{"valueMac":{"type":"Buffer","data":"RCGZgmRlmMHMKxrdNF1nIS8RrGUrPBhLeCgdJS3mte0="}},"JfOtn+5FuxQ3MG68wn+TcNnnmDCyIbtoYHMXtNx3/7g=":{"valueMac":{"type":"Buffer","data":"mp/yEvt3QmkcEc6TfDZrEZ1mRdRE5mVEMOzw6QfKpzY="}},"hX7rzQ69Bz7KyLt0wwe8YJz1I3HSj2B65+28k+ZJth8=":{"valueMac":{"type":"Buffer","data":"BAN91ncxf3ZTdx6JCywf7zmubrVZ0s9rrkbW0SNqSxw="}},"nhACQRrLn3cNC58i4as0oO/WTXPhCAoaL4ZU9qvZKpo=":{"valueMac":{"type":"Buffer","data":"waE6K/hNH/9MrooqvXJtxNFWaAOj2Iw0zGAHUtj+SiM="}},"lMy89chmRaSss4OIkSTntvApkmBboTNwrFdlxP44kU8=":{"valueMac":{"type":"Buffer","data":"1VwUgqYsTQnMHxXQvLxw1uCA5L4ZeYr7iVpOZ0iCzYw="}},"qchLAGZC3+2zvfiSC0TRee4KtKhT2QVg/6SmGVscUIU=":{"valueMac":{"type":"Buffer","data":"yi8FLm6ZzZhIVTZNZ5s7APX9WAfWqv1u54buYaHTIBM="}},"QqE8CfPb8HZnVTeLCQ139nVaU7709oacewWU9B8hc9I=":{"valueMac":{"type":"Buffer","data":"wxNjv6tO6BhrZlT09yMdx2d6YaY/xLYMoGvHBMAheyg="}},"C1eMXs6EOTPEgUHT080ULV/P47SUM13jvGHgLre9iO0=":{"valueMac":{"type":"Buffer","data":"Mt6i3IpZwmdjMHGzrkeFtRF/vwMEbk288tG6x4UltaA="}},"OyjbMJZv1bLwc7EIQQYXvq5feIwjfzU3sP6CX9f3jaM=":{"valueMac":{"type":"Buffer","data":"nBtrJGFrS+M2l7SffdwZakxGTsow8uBgk4j1lyCg/Ko="}},"VIxT7yf8TuvmQ0wG32o8MAijXLbmGCYDbwy8K5dTHFE=":{"valueMac":{"type":"Buffer","data":"VnIl/f7mFiJTqwOSkRiVjwCYuL+pjPT4dmEN2CXIDWc="}},"o2Pn42FEtgvMLbGlAnL9M+Qr4drzh9PM2kMwsNaxPqY=":{"valueMac":{"type":"Buffer","data":"K5EA2bJh3u8kmMoX67+BeZxQ/lh5tnwIiH3rWnBpDtE="}},"fZPVa/Cb8ZgKdNgby4fJJtwEkYuREBK3J72r1W3JEbI=":{"valueMac":{"type":"Buffer","data":"S10yDQblrvIPK19ltgggmum7nV7LMu2W2bKQX367x3w="}},"zYWbra6gISEeEC6yU/ZgWrS3ZuwvGUerYExrNJ/Q25Y=":{"valueMac":{"type":"Buffer","data":"nkiqRdJcZ0Nlylbp6fmwl3DKGmQilg0aAuj6Xm3y/OY="}},"jqN9ixHEnV+4Uhnch7PoS77tOvOXVzIu2gYhp/snIbE=":{"valueMac":{"type":"Buffer","data":"VyrSvWbMf62Bf30rlYKD8GLR/BuDv6dDnIPpamADom4="}},"ZAdQ/df2AQAv5SyWnEebne4YYhW2WwTyLfSFYP99220=":{"valueMac":{"type":"Buffer","data":"TNhmJ6QRJE/dEBaN8tMPOCOCb/GAlX3EUO5MY+O17kg="}},"B6UpsiXgNqakrwwcIUixPkduVM2/bn7dJpJPqaTges4=":{"valueMac":{"type":"Buffer","data":"3q3O25+LNvZ0PjnzAc8TWLyqeE+pN5Wta0wyehtGgIk="}},"rFMPjOOg7gLF7VqSy/BVHhOeMxCHDh/QIIJVZb4xfnk=":{"valueMac":{"type":"Buffer","data":"pvsJsomFTqV8CV2WYui+ioEqLsav/QZmaBTR1W5GyMg="}},"2lRnAU3+e8Ph68acWFLvSgCRSR5qzAbPUmLdRB8K87k=":{"valueMac":{"type":"Buffer","data":"Z0pazFdhDxx6VXMWLTwkXONG72eEbkFnPrK1z7m+Ris="}},"+b/XPjnTuuXq7KdM54njcLFK56qvPma9Vb9tVU5t65c=":{"valueMac":{"type":"Buffer","data":"FM/xaO2VALGkXlLoQsmEq+B43fTppNTwqrUzlkQbWVo="}},"kRn+m/oEQk7Q3vTVLMzg+IeZ6+oy2xolLiTc8u+5t5U=":{"valueMac":{"type":"Buffer","data":"I20+MFakEoWsBqDj0AlksYl6QrCFAuTL1OwpfD+ljX8="}},"csZZZf1Ue68NlT4nj3O64BUq4RksCcbcHjqt475VL6E=":{"valueMac":{"type":"Buffer","data":"KnHTJcfuPDKWbZSLDE3+j/PV3iLEadJhhmBdE7ZHzDc="}},"F2MVaEV5dYZsQuv49JgjI/2g4yQyZZrIZofV0vMj7ts=":{"valueMac":{"type":"Buffer","data":"V5PYFUKC2NBoCUkG/LssETZlq/Av9+x6Hb8jrZVz6dE="}},"UdbdDB3QGCWOL5dA39m7D62g6NMXSBEQJdH3MR2KHhE=":{"valueMac":{"type":"Buffer","data":"2lYHjM6kLThWGltfe/iuqrRloMe8vp+JF7e0ODwfoH0="}},"ogA/ChiOqCM31YC3P29finRJgrP0FqiJ7mCKdF2jXbk=":{"valueMac":{"type":"Buffer","data":"EhrlkGConEGxaXnqYFLl71czMlh1DNaMyRlNkCBeAaM="}},"v7lYykBe45bMnVHGwidwgHOYfG0R+e2oaznIIfjN+nQ=":{"valueMac":{"type":"Buffer","data":"yIX4RIxwXyZRoXdeGGmnCNdtJMo8UxReWMkv4K9O8rs="}},"2gOhgnI+J9XfcSsdU+9F7PfkpLyMYM/jcdq4pwTK6Ds=":{"valueMac":{"type":"Buffer","data":"4+5Wrz8lu+s1KOKTvnL1xjZ9tl6mICXggrWAVpOWX8c="}},"ZEOko7g3mcqOtTZMRH5U9LNbFB52p5MOxzAh5EhuvJg=":{"valueMac":{"type":"Buffer","data":"PUuOtKKYH4WLuv0m6+FuDMCu79inKOKnRLArfQ2eZNc="}},"rjue5oREJJfGMbBMQ9vNW+0KWib6Vugw2Lf5+jKyQYQ=":{"valueMac":{"type":"Buffer","data":"wSNFOjbTPuZLFhIQUOCnKXl+TRq7+XTChu7YUo4Jsps="}},"0T5ChzNP+nmpJXKA8XSzaEUL5JlF37Ea9vLLaZ314yo=":{"valueMac":{"type":"Buffer","data":"Bf5sVCrvVudhOBDMAqI4px2ejC6NwIkuNLFQ0U2A8Ns="}},"rnTZ03u4rqizwu97zohq8EqJM8XsLZy6fRExb34+/kg=":{"valueMac":{"type":"Buffer","data":"CRpLD/x0X/dAp5/cE97RvH+K5CfMUhpDp85pmE9zzrE="}},"BOzBqGGgE0zgDm/WgiXCwHNx7xGg508oKrUjKZ6WckE=":{"valueMac":{"type":"Buffer","data":"xlzFS/dDcuYklvRMWA/+Kd1QkYopg9dleUL/OTm8o8Q="}}}}