{"_sessions":{"BQyO/fC3YsthLlOgv0xfj1vcwraS7dzYYvM29nN5xSxL":{"registrationId":2,"currentRatchet":{"ephemeralKeyPair":{"pubKey":"BYj1o5eUpg7Br75YdZIbtgm0kcbUmV1gCK19B6RF44t2","privKey":"+NLdg3kI7gYnUljg6/H3CIZKIaXTjEKAJyuvsUMDQko="},"lastRemoteEphemeralKey":"BQanghPH3V72m4vcxxtOg9KwO4jv+TsE1slMTzAQLDYZ","previousCounter":0,"rootKey":"O0LVSwY41rKncpS73NwbM2IO6EWMHQHHQDgze09BopA="},"indexInfo":{"baseKey":"BQyO/fC3YsthLlOgv0xfj1vcwraS7dzYYvM29nN5xSxL","baseKeyType":1,"closed":-1,"used":1724842581456,"created":1724842581456,"remoteIdentityKey":"BfgDnimrHAdrmYkYiU6oVTir0hs6kJPNU3IZUOOQw6B4"},"_chains":{"BYj1o5eUpg7Br75YdZIbtgm0kcbUmV1gCK19B6RF44t2":{"chainKey":{"counter":0,"key":"g2e+NO98Xhxw9KavuzSdtPtSyDEbDUAH6EYHyjL4nsQ="},"chainType":1,"messageKeys":{}}},"pendingPreKey":{"signedKeyId":1,"baseKey":"BQyO/fC3YsthLlOgv0xfj1vcwraS7dzYYvM29nN5xSxL"}}},"version":"v1"}