{"_sessions":{"BQ4+IL831VQxZZFC+ob0i9kP0w84D/9t9OXY4bx97pZh":{"registrationId":2115317985,"currentRatchet":{"ephemeralKeyPair":{"pubKey":"BaRJQ//vNSwSmTXOyfP1ESG4QZXYPqiwqid+HlItSoBh","privKey":"QD/rtpEWdC3rT2teObXeVQ7dv+Ab1CJc4GixZrbOCVY="},"lastRemoteEphemeralKey":"BaPmaeypB50JT+YcwYGezrDRi16jjFaCFMA/eN+Naioy","previousCounter":0,"rootKey":"0VbcleuKT/rxVla0kfNh+0OxnqnwzggQdH8POUBZcy0="},"indexInfo":{"baseKey":"BQ4+IL831VQxZZFC+ob0i9kP0w84D/9t9OXY4bx97pZh","baseKeyType":1,"closed":1724774638923,"used":1724774638407,"created":1724774638407,"remoteIdentityKey":"Ba7/A8vIi8r56bFj31aBbL2rfmyY7Hh0GnHY4Cm1RNMF"},"_chains":{"BaRJQ//vNSwSmTXOyfP1ESG4QZXYPqiwqid+HlItSoBh":{"chainKey":{"counter":2,"key":"VK54BSlh3cs9uLA26ynDPlCFXeQNY1VCk782BNTXcUM="},"chainType":1,"messageKeys":{}}},"pendingPreKey":{"signedKeyId":1,"baseKey":"BQ4+IL831VQxZZFC+ob0i9kP0w84D/9t9OXY4bx97pZh","preKeyId":2624292}},"BR1qet8Yu0fq0zEyKwO4X1d2GMj319aPCzubJq37TREj":{"registrationId":2115317985,"currentRatchet":{"ephemeralKeyPair":{"pubKey":"BTNEIPyrw8WGhiCj4ujlvme7qhrpFlVMnt9duDgpCegX","privKey":"OGb+FgEDkUxIGhf1aegKRNCljx2UMy72tYhRB0eLj0I="},"lastRemoteEphemeralKey":"BUhQraZT73zknHkEeHLeyWNzXl8i0DXiGmBLeqCFH6dU","previousCounter":7,"rootKey":"NRxYO9v0Kv6rYV7gob6gOILtwJqCptU/VUQdQv666do="},"indexInfo":{"baseKey":"BR1qet8Yu0fq0zEyKwO4X1d2GMj319aPCzubJq37TREj","baseKeyType":1,"closed":-1,"used":1724775346366,"created":1724774638918,"remoteIdentityKey":"Ba7/A8vIi8r56bFj31aBbL2rfmyY7Hh0GnHY4Cm1RNMF"},"_chains":{"BRD/oFM9cIz9SDfvegyhsVc8v/FvfkGmnF8vtp3Bxf1i":{"chainKey":{"counter":3},"chainType":2,"messageKeys":{"0":"JCKTb/ZlX2KCudSYdsC4PiLn2iacezndQ7hau4i5U0M=","1":"ahPp2UotWuRnKKWr6gtDVDYAOzJ4fin+SNSHOMPkY8M=","2":"0ZLSRZocNLlLVNAs3AwpDjXydjDfFURJBRMYK4BEmBI="}},"BUhQraZT73zknHkEeHLeyWNzXl8i0DXiGmBLeqCFH6dU":{"chainKey":{"counter":0,"key":"I1fIbEkoOMcoURDvjH8ItRzaNRF7YO7NW3xJlloWaKg="},"chainType":2,"messageKeys":{}},"BTNEIPyrw8WGhiCj4ujlvme7qhrpFlVMnt9duDgpCegX":{"chainKey":{"counter":-1,"key":"KEXz5Gqlrxa46yiVNJmurCUkltJVwLivCmyjC8ivTFI="},"chainType":1,"messageKeys":{}}}}},"version":"v1"}