{"_sessions":{"Bam/GovDLI/e9vtNut1NBMxThayeSSksBYjTUxfM+pZs":{"registrationId":1311916012,"currentRatchet":{"ephemeralKeyPair":{"pubKey":"BbS+jz+YXwKvIEVXt9oc5eWj8dXRBstH5pvrwebwBS5v","privKey":"sBNmB6982H4xI0jRwWkIaIYyI7P9X2nqeFJBuvaZnkU="},"lastRemoteEphemeralKey":"BYZoUJmlF72P8iU2SvFlSVwWfxgJhTh76/VNvBS0Uh8A","previousCounter":0,"rootKey":"OOkk2a8PuzjodVwqKPR1UZ1gE4HOVkYZIgvYtORWGoQ="},"indexInfo":{"baseKey":"Bam/GovDLI/e9vtNut1NBMxThayeSSksBYjTUxfM+pZs","baseKeyType":1,"closed":-1,"used":1725094157097,"created":1725094157097,"remoteIdentityKey":"BQM3RElSKxE/HsOIPBNpWGZlNicfyJntXdi4Eu7kqf9R"},"_chains":{"BbS+jz+YXwKvIEVXt9oc5eWj8dXRBstH5pvrwebwBS5v":{"chainKey":{"counter":8,"key":"uNepFrhBTLhBSEY1mVRa6/Z6vN7gt+eSJCH81mwsWKE="},"chainType":1,"messageKeys":{}}},"pendingPreKey":{"signedKeyId":1,"baseKey":"Bam/GovDLI/e9vtNut1NBMxThayeSSksBYjTUxfM+pZs","preKeyId":16729024}}},"version":"v1"}