{"_sessions":{"BZthgrzD5FJVbs8ZftQKuHflyCy/8YXyWCJW8j1ix5tj":{"registrationId":624351205,"currentRatchet":{"ephemeralKeyPair":{"pubKey":"BTXgO1DH+Ts2pzQi5K8mHFRognJVdDIzB9+CizxPtcgb","privKey":"KHACRkv6I6EuFwMoL51cJDaofb9JjHk6t77ZNqLyBXg="},"lastRemoteEphemeralKey":"BbCtBT47qLwbzgZ4ydQWRYw/gftPgXMQSbP9zfkIvypw","previousCounter":16,"rootKey":"PkMRguvpGHY1YbTq4ewlGJ5HlYFxxBeMlUco1laar/o="},"indexInfo":{"baseKey":"BZthgrzD5FJVbs8ZftQKuHflyCy/8YXyWCJW8j1ix5tj","baseKeyType":2,"closed":1724826044165,"used":1724849287751,"created":1724770110242,"remoteIdentityKey":"BZF/hRjGpY3lrWfxN5csUqQRqKqI87LSfemtWfD5gRxN"},"_chains":{"Be5yCkCpOH2GSk2fCMwuj7q+k1vPK4eK6fKnQjf+Wq8y":{"chainKey":{"counter":5},"chainType":2,"messageKeys":{}},"BbCtBT47qLwbzgZ4ydQWRYw/gftPgXMQSbP9zfkIvypw":{"chainKey":{"counter":0,"key":"X/c5ruHcN426lYF8/bBdNVWFMvV2YdkFkU0T8Sxxxy8="},"chainType":2,"messageKeys":{}},"BTXgO1DH+Ts2pzQi5K8mHFRognJVdDIzB9+CizxPtcgb":{"chainKey":{"counter":-1,"key":"4gI0JMwERptVu0m1rTK89FjgABb2ULHpL/JRZKm5vqM="},"chainType":1,"messageKeys":{}}}},"BQlDyye6aUnGHvvykw1XZq3X4xZsidv9WSsMJrslOQJK":{"registrationId":624351205,"currentRatchet":{"ephemeralKeyPair":{"pubKey":"Bans+gkfFaPdO47XD0PPD9Vg2eg0qtcXi4VMrs0WpRJW","privKey":"SJL95YMgiVWneCWPGi5sEy8B76LlSTl+DcyJV3oMvGE="},"lastRemoteEphemeralKey":"BbCtBT47qLwbzgZ4ydQWRYw/gftPgXMQSbP9zfkIvypw","previousCounter":8,"rootKey":"KMYMHZqIScVaKbVC+yTTncgcHttWJtZShd65e7cK3SQ="},"indexInfo":{"baseKey":"BQlDyye6aUnGHvvykw1XZq3X4xZsidv9WSsMJrslOQJK","baseKeyType":1,"closed":1724849315805,"used":1724826044062,"created":1724826044062,"remoteIdentityKey":"BZF/hRjGpY3lrWfxN5csUqQRqKqI87LSfemtWfD5gRxN"},"_chains":{"BbCtBT47qLwbzgZ4ydQWRYw/gftPgXMQSbP9zfkIvypw":{"chainKey":{"counter":0,"key":"cE5yBWso+iTlcOfBW0kfrXEoRk9v2+ieAguh9E9HoVQ="},"chainType":2,"messageKeys":{}},"Bans+gkfFaPdO47XD0PPD9Vg2eg0qtcXi4VMrs0WpRJW":{"chainKey":{"counter":-1,"key":"pElias0KHm0Rg/xqDHgBt8EvkJR20lW3ehOZtG5U2rc="},"chainType":1,"messageKeys":{}}},"pendingPreKey":{"signedKeyId":14032514,"baseKey":"BQlDyye6aUnGHvvykw1XZq3X4xZsidv9WSsMJrslOQJK","preKeyId":18}},"BXMA92vnKcdS2utqh9MaWkhystL84skt9Wxr7lcOWpYm":{"registrationId":624351205,"currentRatchet":{"ephemeralKeyPair":{"pubKey":"BZg4a4p0jl1SE6xFYYHjgQnT5TsvmiVdgeBLGehNjBN7","privKey":"wP//5iAK87UkkUYm4CSGWyDCF8FCCdfTxsbsuvW2ylo="},"lastRemoteEphemeralKey":"BViMGX1HqKTLeeOq4ueYK4sxqkB+3oZlCWz9TrOjdbU1","previousCounter":7,"rootKey":"EYMyCiOecGXWMeb8QaEnqBmfgDgpUuthCF5Wa8cwLOA="},"indexInfo":{"baseKey":"BXMA92vnKcdS2utqh9MaWkhystL84skt9Wxr7lcOWpYm","baseKeyType":2,"closed":-1,"used":1725087610398,"created":1724849315819,"remoteIdentityKey":"BZF/hRjGpY3lrWfxN5csUqQRqKqI87LSfemtWfD5gRxN"},"_chains":{"Bek620vRlNii3Th+Wy5FHha8HV753aw8NbjIRVrwLiJt":{"chainKey":{"counter":0},"chainType":2,"messageKeys":{}},"BViMGX1HqKTLeeOq4ueYK4sxqkB+3oZlCWz9TrOjdbU1":{"chainKey":{"counter":5,"key":"Y54NmGi/xDom/kPR2UNSnZPuuypro9fqwTLkgoDBn80="},"chainType":2,"messageKeys":{}},"BZg4a4p0jl1SE6xFYYHjgQnT5TsvmiVdgeBLGehNjBN7":{"chainKey":{"counter":408,"key":"RdoAnIcN/l6v8kO7RC33j9qxY8sIq5SB4QFSf4IoNSk="},"chainType":1,"messageKeys":{}}}}},"version":"v1"}