{"_sessions":{"BQazpAkhZhCidkPM2AouH6O5oR2vlQxGKXRkmS5fSk8E":{"registrationId":1792363153,"currentRatchet":{"ephemeralKeyPair":{"pubKey":"BRH73TomH0IA5VjgH7k38idCuFNwGKtR2FJD/btjZFV4","privKey":"4IKzw/5uD912NBMbEDhju5VEEsq52DcW1hkpIBkQqGw="},"lastRemoteEphemeralKey":"BZTEvOqe5zwRzswPXVu6M6QSHBboUDLDUz9Uj/qtQwFE","previousCounter":0,"rootKey":"yQw5hIbIW0XWJHtQRi7NXB93iPWOtmcROrm9uyZxx+0="},"indexInfo":{"baseKey":"BQazpAkhZhCidkPM2AouH6O5oR2vlQxGKXRkmS5fSk8E","baseKeyType":1,"closed":1724773066624,"used":1724772669448,"created":1724772669448,"remoteIdentityKey":"BTIIIP4Wel8mdhHKmcoo/KmsNA1PPCY/AmbqtRtWOjk3"},"_chains":{"BRH73TomH0IA5VjgH7k38idCuFNwGKtR2FJD/btjZFV4":{"chainKey":{"counter":9,"key":"bpmdg3THchU3MDrA2K2BpO4oliEilU7bLU0zJmZnb3Q="},"chainType":1,"messageKeys":{}}},"pendingPreKey":{"signedKeyId":0,"baseKey":"BQazpAkhZhCidkPM2AouH6O5oR2vlQxGKXRkmS5fSk8E","preKeyId":12235924}},"BV73qFeghbThQTsINE6LtT/n6fSQ+NK6Ez/W/Kj8r3dy":{"registrationId":1527768418,"currentRatchet":{"ephemeralKeyPair":{"pubKey":"BXuH4EMPiLigAH7s9dnSjcrD23z1/pwGiq/6VD5vLQkz","privKey":"qAd4tNJStARuBGL+QAlve+oykPiFg/XVxt//piSct0o="},"lastRemoteEphemeralKey":"BSJkx4QbMaK7fxblMgR1H7QyslD7Mb9czpRNaXf71/VU","previousCounter":0,"rootKey":"Qn6bwHo8llyl0UE+y+ZhcZ5Q0c6a6XcnD2lbDI4LCwM="},"indexInfo":{"baseKey":"BV73qFeghbThQTsINE6LtT/n6fSQ+NK6Ez/W/Kj8r3dy","baseKeyType":1,"closed":1724773067025,"used":1724773066601,"created":1724773066601,"remoteIdentityKey":"BYKopBWN3sqzRvlLLQoxUJR4GNrho8RHrfZ4NZkdJ4UC"},"_chains":{"BXuH4EMPiLigAH7s9dnSjcrD23z1/pwGiq/6VD5vLQkz":{"chainKey":{"counter":-1,"key":"5F+sqPAZMvdAT1AqsI0YjFt99QQnwK2qb5zkO3LnjrE="},"chainType":1,"messageKeys":{}}},"pendingPreKey":{"signedKeyId":0,"baseKey":"BV73qFeghbThQTsINE6LtT/n6fSQ+NK6Ez/W/Kj8r3dy","preKeyId":3785823}},"BYMWPsM14SZLZnE73cpablVETQ/UTubh4ZZa+lAbM4Nf":{"registrationId":1527768418,"currentRatchet":{"ephemeralKeyPair":{"pubKey":"BQ9BcWu6RGZDjSRHrvkTrwSt3CcS5zNDD76vUFdVJPFs","privKey":"6NSpsb0WsDjTUbimfLon5+a3Gz6ldF/9eGW0H8swql4="},"lastRemoteEphemeralKey":"BSJkx4QbMaK7fxblMgR1H7QyslD7Mb9czpRNaXf71/VU","previousCounter":0,"rootKey":"/dwApczs914HtOKX3Pwekc0xZ1hv7ly+sCGBtU4bPAY="},"indexInfo":{"baseKey":"BYMWPsM14SZLZnE73cpablVETQ/UTubh4ZZa+lAbM4Nf","baseKeyType":1,"closed":1724773212399,"used":1724773067017,"created":1724773067017,"remoteIdentityKey":"BYKopBWN3sqzRvlLLQoxUJR4GNrho8RHrfZ4NZkdJ4UC"},"_chains":{"BQ9BcWu6RGZDjSRHrvkTrwSt3CcS5zNDD76vUFdVJPFs":{"chainKey":{"counter":13,"key":"KqYvls6GOaMMZMijij2INnKjNlypckNsI1W2MAg80rY="},"chainType":1,"messageKeys":{}}},"pendingPreKey":{"signedKeyId":0,"baseKey":"BYMWPsM14SZLZnE73cpablVETQ/UTubh4ZZa+lAbM4Nf","preKeyId":3785840}},"BRSo4vNVLhPdUHeK5oL1Jb+xTJJwr1Gj7ncN6INIaq4H":{"registrationId":1527768418,"currentRatchet":{"ephemeralKeyPair":{"pubKey":"BV9LatKELwLaK5998sUIJqGlbOZ/8UEVQ3kb52Qf1oAt","privKey":"8PpRHOeHPyYacGcajx6b9Zd597uzqCVJgDx4RELpXnI="},"lastRemoteEphemeralKey":"BQZJi5/ZM1l5lNnOM0lma2hJk3o62EA66Q8Jx/MKKmVh","previousCounter":0,"rootKey":"oTRR30owxOGrcUnxkdCa+uLlv4jW2x1eDgI2g7iK9D4="},"indexInfo":{"baseKey":"BRSo4vNVLhPdUHeK5oL1Jb+xTJJwr1Gj7ncN6INIaq4H","baseKeyType":1,"closed":1725090234930,"used":1725089983291,"created":1724773212371,"remoteIdentityKey":"BYKopBWN3sqzRvlLLQoxUJR4GNrho8RHrfZ4NZkdJ4UC"},"_chains":{"BerHoOOkTx6/uQfsA1iJcp+RkFGv/+ijAOR6uaEqfeET":{"chainKey":{"counter":1},"chainType":2,"messageKeys":{}},"BfrqEZ31JPqvz+VqXQmjZmx9K2pMzw6lmD00+rLwwjQz":{"chainKey":{"counter":0},"chainType":2,"messageKeys":{}},"BRFc/r/wnj5Vn0sB/teEJ2jd34H1yWxv102UctToaqJ8":{"chainKey":{"counter":0},"chainType":2,"messageKeys":{}},"Be/CVNCVVJfvNIMA25/nqZ1dXYeTftI7TTkdy0ZBvLRL":{"chainKey":{"counter":1},"chainType":2,"messageKeys":{}},"BczTuGwiu0Agfs+Nip0MIlU3wwk+KwTslzYiMRAS26xb":{"chainKey":{"counter":1},"chainType":2,"messageKeys":{}},"BQZJi5/ZM1l5lNnOM0lma2hJk3o62EA66Q8Jx/MKKmVh":{"chainKey":{"counter":1,"key":"j5SitUBUUYziwcaxTUoR5wA+rpDEl+SGlZjvi6GTpFI="},"chainType":2,"messageKeys":{}},"BV9LatKELwLaK5998sUIJqGlbOZ/8UEVQ3kb52Qf1oAt":{"chainKey":{"counter":-1,"key":"drU3K5Q/p9WXWRU+Qd41qar81/Lip01hzuK1jWre4Ik="},"chainType":1,"messageKeys":{}}}},"BfEKEBc+80ZPYl5iYVcioYZg3eYPwnfBAA18QelQGywJ":{"registrationId":1527768418,"currentRatchet":{"ephemeralKeyPair":{"pubKey":"BaBj+Yw0mC0bveyVfjcvtlOIKlfVmBsJ0HZb8NOsUbgY","privKey":"UBnSVaCgh71NC7RGLgT/BsINa0KjC4q+E3PjsUvxyE0="},"lastRemoteEphemeralKey":"Bcq2UoiVrdCQ5l7jbIHb1uSh96Ml8Q8tNNim0IiH+0tr","previousCounter":-1,"rootKey":"J/oIoYac+BJhRoTE13yKnmYS3SSOraAjQzng6Ws8/7w="},"indexInfo":{"baseKey":"BfEKEBc+80ZPYl5iYVcioYZg3eYPwnfBAA18QelQGywJ","baseKeyType":2,"closed":-1,"used":1725090676239,"created":1725090234939,"remoteIdentityKey":"BYKopBWN3sqzRvlLLQoxUJR4GNrho8RHrfZ4NZkdJ4UC"},"_chains":{"BdB0S3r7gkkffW3oJdKdU5VftNOzVAdikwSxeAUjmlc5":{"chainKey":{"counter":3},"chainType":2,"messageKeys":{"3":"UlFtghnS5sqPXqRYW31SiiX1tkSYs8QoxkxWQh69SaA="}},"Bcq2UoiVrdCQ5l7jbIHb1uSh96Ml8Q8tNNim0IiH+0tr":{"chainKey":{"counter":0,"key":"v/wYAkS4P20t4EYDR1iWHpsjOsXumF4N7LUmoDsw1i0="},"chainType":2,"messageKeys":{}},"BaBj+Yw0mC0bveyVfjcvtlOIKlfVmBsJ0HZb8NOsUbgY":{"chainKey":{"counter":-1,"key":"+KPvosC3yIn3QMCRVZWif6Wgqe+VK0D5b0qN0RSvMgw="},"chainType":1,"messageKeys":{}}}}},"version":"v1"}