{"_sessions":{"BRMRYaZkOwtdBjWQj+ZlM4dNtFQflWbNogZCXlDD/RhE":{"registrationId":789122021,"currentRatchet":{"ephemeralKeyPair":{"pubKey":"BW+EjYSFuT9Q9uv3HzS83zY7TxNyEBL9Oldklq0OUok5","privKey":"oLBMyxJaR71wAGL+9Dn+mQ5awdjDotPVsyfhcMnOL0Y="},"lastRemoteEphemeralKey":"BSuvM6RGyCR0/10+BROwmoumVIL25t/3dM49y/5hkcdq","previousCounter":0,"rootKey":"LSFJUZ0GPaNXXWaPwGfzJdHwqAqXNRq2SD9wWZX4stc="},"indexInfo":{"baseKey":"BRMRYaZkOwtdBjWQj+ZlM4dNtFQflWbNogZCXlDD/RhE","baseKeyType":1,"closed":-1,"used":1724840168766,"created":1724840168766,"remoteIdentityKey":"BWgqfi+GU/Qr9RoGXyhBrbV176R13VptkVi+/nng5pBr"},"_chains":{"BW+EjYSFuT9Q9uv3HzS83zY7TxNyEBL9Oldklq0OUok5":{"chainKey":{"counter":9,"key":"D5H7i5Amyj0cTFV9QfA14i7bn57hSJuR++mwMGXyio8="},"chainType":1,"messageKeys":{}}},"pendingPreKey":{"signedKeyId":0,"baseKey":"BRMRYaZkOwtdBjWQj+ZlM4dNtFQflWbNogZCXlDD/RhE","preKeyId":15820587}}},"version":"v1"}