{"_sessions":{"Be7ZL0Ej+Y5IjxWiDkFIU/buYIXlQYKXhM2638X9BJZg":{"registrationId":207925796,"currentRatchet":{"ephemeralKeyPair":{"pubKey":"BbwsukpbUEwm5uTEIF6Fa0GMCZU8ykKnFMEF7c6Apucm","privKey":"oAOw9PbwL3hcDpmRZIeE3C/X8AIV1MoU5zNatq0kwmY="},"lastRemoteEphemeralKey":"Be9GaMlrVEJva6ohBEhy5QUwVv+pAEOtZrwpe2duw+9q","previousCounter":1,"rootKey":"WEKOstbFMcLjmTG5Bl1mQTCldGsxkZVv5+atYSVby6w="},"indexInfo":{"baseKey":"Be7ZL0Ej+Y5IjxWiDkFIU/buYIXlQYKXhM2638X9BJZg","baseKeyType":2,"closed":1724773163762,"used":1724773143723,"created":1724770172097,"remoteIdentityKey":"BfMQFct3edN2AN2JXYTl2SVwJv2Lp9SzJv7scg8vfeFG"},"_chains":{"BVTqBJPL4xGPJ6HOjwxNaXnYhrxNbe8cXMg6siLR3RNt":{"chainKey":{"counter":0},"chainType":2,"messageKeys":{}},"BTz/4fAvuzbj6igyMXnjA2HM7JfDTLd9Yxxp5hnCgHhc":{"chainKey":{"counter":0},"chainType":2,"messageKeys":{}},"Be9GaMlrVEJva6ohBEhy5QUwVv+pAEOtZrwpe2duw+9q":{"chainKey":{"counter":0,"key":"JDG/T57NOImIi32D2R4uKqg2AQYUSHP/t10DUt5wyeI="},"chainType":2,"messageKeys":{}},"BbwsukpbUEwm5uTEIF6Fa0GMCZU8ykKnFMEF7c6Apucm":{"chainKey":{"counter":2,"key":"2phT/QEYHBzyiA9Yindu12ZXEGjlLAQy21JeCo43FG4="},"chainType":1,"messageKeys":{}}}},"BfM+MtRdkaKlqoh++gPn6CIwyioGbkSL5QWMMPTZDYl4":{"registrationId":207925796,"currentRatchet":{"ephemeralKeyPair":{"pubKey":"BZ70laxNTzB/lsG3f9bN2O2E2R76kRVar/vgnKLQyHss","privKey":"8L3txAynKo7tmNxWzAFPeeyNu2hU9ilF9zwsUXarw3Q="},"lastRemoteEphemeralKey":"Bex7Rejp+6Z3ExcwiuebA5oVioU/ykreb+EUFLpg2app","previousCounter":0,"rootKey":"da9aOTGn+xijBn62DijIT3RX2oS5iG9QEjpJ7tK1SUw="},"indexInfo":{"baseKey":"BfM+MtRdkaKlqoh++gPn6CIwyioGbkSL5QWMMPTZDYl4","baseKeyType":1,"closed":1724773216568,"used":1724773163685,"created":1724773163685,"remoteIdentityKey":"BfMQFct3edN2AN2JXYTl2SVwJv2Lp9SzJv7scg8vfeFG"},"_chains":{"BZ70laxNTzB/lsG3f9bN2O2E2R76kRVar/vgnKLQyHss":{"chainKey":{"counter":-1,"key":"43qTADeOZYbcK/0r+a2QHjE8VFg4AbFEH9mMTgat8pA="},"chainType":1,"messageKeys":{}}},"pendingPreKey":{"signedKeyId":7691665,"baseKey":"BfM+MtRdkaKlqoh++gPn6CIwyioGbkSL5QWMMPTZDYl4","preKeyId":631}},"Bajzu1FwIbDBkHSnTndwullPAipefn2Zsyb1FCkfUVNY":{"registrationId":207925796,"currentRatchet":{"ephemeralKeyPair":{"pubKey":"BUZnrORA2bAzywKmUfdFw6ijl2wni7qAnQO52CWgZiBQ","privKey":"kLHvpSXMlFn3JuY7q0RKSqTvWOwjxTCgjGuGCYwN30o="},"lastRemoteEphemeralKey":"BYEj2vlyj6+x8FFgvI63Hq3q0bLcJOxGyWLAy1luP1Rj","previousCounter":5,"rootKey":"cfDKJ/XLnERsTk7pz2XAIu8wS2LaDoZkn/d6cmKam6w="},"indexInfo":{"baseKey":"Bajzu1FwIbDBkHSnTndwullPAipefn2Zsyb1FCkfUVNY","baseKeyType":1,"closed":-1,"used":1725115781864,"created":1724773216543,"remoteIdentityKey":"BfMQFct3edN2AN2JXYTl2SVwJv2Lp9SzJv7scg8vfeFG"},"_chains":{"BY53kQjEtPUuQhfaX2ilq647ElDuw+D2Mrwp+rqCQC4g":{"chainKey":{"counter":0},"chainType":2,"messageKeys":{}},"BV2hQqQQdmgw2oDyqU/RhGtr4KmB7Am3Rv+dY3MKo6JU":{"chainKey":{"counter":2},"chainType":2,"messageKeys":{"2":"vG3HUMQmxNGbyP9a+w3LBWWayoG/LJiWkSHVT9tSifk="}},"BZTVJuDO1kE/nTz4RtqJRns/g8h4lrhpIMDyz/lN1Cxz":{"chainKey":{"counter":9},"chainType":2,"messageKeys":{"1":"5uoVsK8tzDit9nlpyU88tc8A955UgcSX809K8F350Es=","4":"xo3G6W3Mg+JrY9X4XKkwAWIponGZTKbQULCBStBehXs="}},"BQhYPN8tU4xB7NH+7AyqTCQdb7gvGsSds7Tlt3OxnmJL":{"chainKey":{"counter":0},"chainType":2,"messageKeys":{}},"BTs/Vj85jRlTWAfP6VbCNjK+PaWqO8zFbJyeNi83W0JS":{"chainKey":{"counter":0},"chainType":2,"messageKeys":{}},"BTP40BKDaYqkzPJDofFuHyAAJH+zDNZ75QozdngjvG4/":{"chainKey":{"counter":0},"chainType":2,"messageKeys":{}},"BeQ4hANRKeRRrti0hb+bTsJ9devLgUzyaVDkpA82K7E8":{"chainKey":{"counter":0},"chainType":2,"messageKeys":{}},"BRA+7GqQ2g6ptJKhLRbh+JUgP89RyIVof3EjlFplCgsf":{"chainKey":{"counter":0},"chainType":2,"messageKeys":{}},"BR6PZpnYA7AKYawplDk0jtI+OL7Y0W08QsBv57h8RQlu":{"chainKey":{"counter":1},"chainType":2,"messageKeys":{}},"BWPK943dgHsYLEWLolbszzgXTZyW5U4WjpwNZlcDcp1x":{"chainKey":{"counter":0},"chainType":2,"messageKeys":{}},"BfWGIK3vS44ONylqRZ8+HUPDz5BB9PN2ghjD3W7P+gdg":{"chainKey":{"counter":0},"chainType":2,"messageKeys":{}},"BebvQDI/pPnVYDgXwcXC5Wu3NNLfcK2R0h2kisW1dIcF":{"chainKey":{"counter":4},"chainType":2,"messageKeys":{}},"BVseTBs0Nzx9QWQ2g99ZbRSzvf+MYT9L3S/6Bc++DyNM":{"chainKey":{"counter":0},"chainType":2,"messageKeys":{}},"BXSf9Yg5YET/Sr2+Y+4cTQWZcZAggApzG9ELelkmSoAJ":{"chainKey":{"counter":2},"chainType":2,"messageKeys":{"1":"KrB6BUG9/MhusbalE0hRvYdUFFUW3lB1eNg1dp52XLw="}},"BapyU8nE9UFrWa1hyYWItg12fwJ3PUxxXwvaeG5AraAu":{"chainKey":{"counter":1},"chainType":2,"messageKeys":{}},"BekDJvIgtcTnbTFAAL/+m1O5Qvu3kPygyfooSQa/n35F":{"chainKey":{"counter":0},"chainType":2,"messageKeys":{}},"BdN8VwCf7UEZVT4iqx4m/n/RO3SDLh9/csFmw/HAHANB":{"chainKey":{"counter":0},"chainType":2,"messageKeys":{}},"BVldAeU9/g7CZuDQRadNS4TWuxXsKSjmrq+0YkuvPjgV":{"chainKey":{"counter":0},"chainType":2,"messageKeys":{}},"BecbkwgB/YZMWeSqQ4tAuJA+obRKHxGoHClHzTcilGoS":{"chainKey":{"counter":0},"chainType":2,"messageKeys":{}},"BW+zgg2ltKkXDYf1iRvGnurwgViV6h4OnzCcYxcKpMZz":{"chainKey":{"counter":0},"chainType":2,"messageKeys":{}},"BWVV3r2WxQ4EpA38sk/l/MHaILACjQIiu1Mlmf/Ak0od":{"chainKey":{"counter":0},"chainType":2,"messageKeys":{}},"BQicjwM/ng4X/639KF1vi02N3nsO82MnduxR9NF0Rltd":{"chainKey":{"counter":0},"chainType":2,"messageKeys":{}},"BVbDwcmrKRy31ZA1UB+lALPWr02TM9TcTF966Axa/Phi":{"chainKey":{"counter":0},"chainType":2,"messageKeys":{}},"BfnutM/TB0cw3+ZY41evEHEUuY88dgV+QTDOZagsXfsH":{"chainKey":{"counter":0},"chainType":2,"messageKeys":{}},"BZt66J+v3x7XJ770hSbJ55uHFWLkJr5ZePIafpjsTgxs":{"chainKey":{"counter":1},"chainType":2,"messageKeys":{}},"BU6PnLImiDBaUvplVVbhrFbDjiv7AtOarOP17QUPvjlC":{"chainKey":{"counter":5},"chainType":2,"messageKeys":{}},"BbcGC8ugwwochb1aWa+k+dF3okR2ZVA1PU2PA5HJTVVs":{"chainKey":{"counter":0},"chainType":2,"messageKeys":{}},"BYYRlFPTahE7wltUKEaihYM6NmT+8VBsEgeuapTSEbEL":{"chainKey":{"counter":0},"chainType":2,"messageKeys":{}},"BS7X4OZjv4APvIDNwuCD33CManAmbQ303IG6AFbxVmwB":{"chainKey":{"counter":0},"chainType":2,"messageKeys":{}},"BdhTWKBvAbxNUFXTHo95CuBf8EobOVACvGHt9dqVy2Ro":{"chainKey":{"counter":0},"chainType":2,"messageKeys":{}},"BajEXUXF2ISyq8CKfg92if5WTkEvFpGm08f4+fRwcYpC":{"chainKey":{"counter":0},"chainType":2,"messageKeys":{}},"BU3vyxCf+lQ2o0uO3LWiwvTnMLkgn7YdyA5wQCBJ+EEY":{"chainKey":{"counter":0},"chainType":2,"messageKeys":{}},"Bf/D/QRQWzsPi7cmj1hYb5DsGPVBSFOAF/YGfMQ8vaYU":{"chainKey":{"counter":0},"chainType":2,"messageKeys":{}},"BZmenGpFIIFDpo4XkHeEBnugEp6o3yDmJuDKaB3cOnEX":{"chainKey":{"counter":0},"chainType":2,"messageKeys":{}},"Bc4lOtXR0F2DjQ4bE8WZmaoclzUzHj4nnltPT3Ix/zAu":{"chainKey":{"counter":0},"chainType":2,"messageKeys":{}},"BfEQSTLZwcnfG5BOtWtDzKHHXoMyRgmBCl6YyrjsiPhB":{"chainKey":{"counter":1},"chainType":2,"messageKeys":{}},"BZxiG77AHMZ1zJMK6JZjciqS5Vh/n0638KV7iCp841Af":{"chainKey":{"counter":0},"chainType":2,"messageKeys":{}},"Bf9pKyy0NGOqi4oQDyOrZiKb1d18f4bw4TCgNguEcOw/":{"chainKey":{"counter":0},"chainType":2,"messageKeys":{}},"BYEj2vlyj6+x8FFgvI63Hq3q0bLcJOxGyWLAy1luP1Rj":{"chainKey":{"counter":0,"key":"S1OOklz6Ktgn+cDJBmt+EBdwp09/bDWAEvuJkj1iaSQ="},"chainType":2,"messageKeys":{}},"BUZnrORA2bAzywKmUfdFw6ijl2wni7qAnQO52CWgZiBQ":{"chainKey":{"counter":4,"key":"86UFYCMSgRAmjdqiOKs7FKfw/AghnwzCSP7/SIP1t7g="},"chainType":1,"messageKeys":{}}}}},"version":"v1"}