{"_sessions":{"BYBfVLSqozvi/sLeOGe6/ceLcnu+wilCxXGx2ANBUeJC":{"registrationId":705042998,"currentRatchet":{"ephemeralKeyPair":{"pubKey":"Ba7cA65zvR6gwkixHL2lSjyF5YxgjH2SKnU656v/a3Qh","privKey":"kDU3an0ZnFTWKhhyGjxyyWuqcS6QlnrdJeevNd5PmGs="},"lastRemoteEphemeralKey":"BT9ocmS5bCP9IvFS0uzUGHo3ra18XdCQqK+Ctb2UcJZZ","previousCounter":8,"rootKey":"S5++R5j9jMne3FGhN6C+ugs4m1NVENXILGMPjT9X3hQ="},"indexInfo":{"baseKey":"BYBfVLSqozvi/sLeOGe6/ceLcnu+wilCxXGx2ANBUeJC","baseKeyType":1,"closed":-1,"used":1725118347154,"created":1725115796290,"remoteIdentityKey":"Bf6xRWqMSfWr0TS6PaPSzhz9HasjhamPnsFqL1aVTCB0"},"_chains":{"BT9ocmS5bCP9IvFS0uzUGHo3ra18XdCQqK+Ctb2UcJZZ":{"chainKey":{"counter":1,"key":"HiUnV61tvy37voogEiWXMAnq2uXQg734s89uDf3hnsg="},"chainType":2,"messageKeys":{}},"Ba7cA65zvR6gwkixHL2lSjyF5YxgjH2SKnU656v/a3Qh":{"chainKey":{"counter":-1,"key":"O+f6k3IZkJxELMAItOpqQ2PAuvImDMjHO3I8S0YEnfg="},"chainType":1,"messageKeys":{}}}}},"version":"v1"}