{"_sessions":{"BfQF34+THQPDmHsHNmyigA/KN03JkFSaauR81Iyg1Qcl":{"registrationId":1718076296,"currentRatchet":{"ephemeralKeyPair":{"pubKey":"BZyTPyAa2lyBW5NXGHuVmWabDAL0Q0SF09VnbOlKPIRf","privKey":"qBvehvrSSL3ziWxf44bA74xM55Nh9t/surpQ33xuuFo="},"lastRemoteEphemeralKey":"BenkraSkJwmgniu1OnBM6Yi18/CEAX9yJgjlP7y3vdsG","previousCounter":0,"rootKey":"RLAANUHUhq1rvIiCXaUmJdVhww7MgxRX1Ue3Mj6dEOc="},"indexInfo":{"baseKey":"BfQF34+THQPDmHsHNmyigA/KN03JkFSaauR81Iyg1Qcl","baseKeyType":1,"closed":-1,"used":1724842575350,"created":1724842575350,"remoteIdentityKey":"Bdf8UFLwRtjFYO8QCtvpvDbms502LFb0fHbn08G08dNo"},"_chains":{"BZyTPyAa2lyBW5NXGHuVmWabDAL0Q0SF09VnbOlKPIRf":{"chainKey":{"counter":18,"key":"/nbLXPohm9aNghneoSAKee27kxeBeuk42VWR5jJNERM="},"chainType":1,"messageKeys":{}}},"pendingPreKey":{"signedKeyId":1,"baseKey":"BfQF34+THQPDmHsHNmyigA/KN03JkFSaauR81Iyg1Qcl","preKeyId":11395438}}},"version":"v1"}