{"_sessions":{"BVh+PUtsM8X43NZinFS+/gTBx83mM2aYpgzo3kn9uSx7":{"registrationId":1136899086,"currentRatchet":{"ephemeralKeyPair":{"pubKey":"BWwe4VG8quXUozWlFyrYmJCVpTY6GG8To54QG7jPips0","privKey":"qM8reSrlFhKSVdQKGAPNgy5f4dlzjCk4Yu5aNUPmFEg="},"lastRemoteEphemeralKey":"BbCO2ywTSAIyaiqX9KGku666AWnR0LjLG7TbgS+ZaDkH","previousCounter":0,"rootKey":"aEi9t5diLNxHcLGNEG9b9fZuDE3okFnfpKxnp4RhPTQ="},"indexInfo":{"baseKey":"BVh+PUtsM8X43NZinFS+/gTBx83mM2aYpgzo3kn9uSx7","baseKeyType":1,"closed":-1,"used":1725104411986,"created":1725104411986,"remoteIdentityKey":"BQzwK87qhO1tz5BttuhpPEcCTJ5BWJrrnE7urRvZtXRi"},"_chains":{"BWwe4VG8quXUozWlFyrYmJCVpTY6GG8To54QG7jPips0":{"chainKey":{"counter":17,"key":"oERI6APgbhtRT1zofYh3gfcdPfWjR+Dn0vqGLlkOMwM="},"chainType":1,"messageKeys":{}}},"pendingPreKey":{"signedKeyId":0,"baseKey":"BVh+PUtsM8X43NZinFS+/gTBx83mM2aYpgzo3kn9uSx7"}}},"version":"v1"}